MONTH,DAY_OF_MONTH,DAY_OF_WEEK,OP_UNIQUE_CARRIER,TAIL_NUM,OP_CARRIER_FL_NUM,ORIGIN_AIRPORT_ID,ORIGIN,ORIGIN_CITY_NAME,DEST_AIRPORT_ID,DEST,DEST_CITY_NAME,CRS_DEP_TIME,DEP_TIME,DEP_DELAY_NEW,DEP_DEL15,DEP_TIME_BLK,CRS_ARR_TIME,ARR_TIME,ARR_DELAY_NEW,ARR_TIME_BLK,CANCELLED,CANCELLATION_CODE,CRS_ELAPSED_TIME,ACTUAL_ELAPSED_TIME,DISTANCE,DISTANCE_GROUP,CARRIER_DELAY,WEATHER_DELAY,NAS_DELAY,SECURITY_DELAY,LATE_AIRCRAFT_DELAY,Delay_Refund
2,24,7,AA,N910NN,23,13487,MSP,"Minneapolis, MN",11298,DFW,"Dallas/Fort Worth, TX",1100,1109,9,0,1100-1159,1344,1337,0,1300-1359,0,,164,148,852,4,,,,,,
2,25,1,AA,N354PT,23,13487,MSP,"Minneapolis, MN",11298,DFW,"Dallas/Fort Worth, TX",1100,1058,0,0,1100-1159,1344,1343,0,1300-1359,0,,164,165,852,4,,,,,,
2,26,2,AA,N826NN,23,13487,MSP,"Minneapolis, MN",11298,DFW,"Dallas/Fort Worth, TX",1100,1056,0,0,1100-1159,1344,1348,4,1300-1359,0,,164,172,852,4,,,,,,
2,27,3,AA,N866NN,23,13487,MSP,"Minneapolis, MN",11298,DFW,"Dallas/Fort Worth, TX",1100,1052,0,0,1100-1159,1344,1333,0,1300-1359,0,,164,161,852,4,,,,,,
2,28,4,AA,N904NN,23,13487,MSP,"Minneapolis, MN",11298,DFW,"Dallas/Fort Worth, TX",1100,1146,46,1,1100-1159,1344,1420,36,1300-1359,0,,164,154,852,4,0,0,0,0,36,
2,1,5,AA,N107NN,24,12892,LAX,"Los Angeles, CA",12478,JFK,"New York, NY",2345,2348,3,0,2300-2359,817,827,10,0800-0859,0,,332,339,2475,10,,,,,,
2,3,7,AA,N117AN,24,12892,LAX,"Los Angeles, CA",12478,JFK,"New York, NY",2345,2339,0,0,2300-2359,817,749,0,0800-0859,0,,332,310,2475,10,,,,,,
2,4,1,AA,N115NN,24,12892,LAX,"Los Angeles, CA",12478,JFK,"New York, NY",2345,2337,0,0,2300-2359,817,750,0,0800-0859,0,,332,313,2475,10,,,,,,
2,5,2,AA,N111ZM,24,12892,LAX,"Los Angeles, CA",12478,JFK,"New York, NY",2345,2339,0,0,2300-2359,817,722,0,0800-0859,0,,332,283,2475,10,,,,,,
2,6,3,AA,N116AN,24,12892,LAX,"Los Angeles, CA",12478,JFK,"New York, NY",2345,2342,0,0,2300-2359,817,735,0,0800-0859,0,,332,293,2475,10,,,,,,
2,7,4,AA,N102NN,24,12892,LAX,"Los Angeles, CA",12478,JFK,"New York, NY",2345,2343,0,0,2300-2359,817,745,0,0800-0859,0,,332,302,2475,10,,,,,,
2,8,5,AA,N115NN,24,12892,LAX,"Los Angeles, CA",12478,JFK,"New York, NY",2345,2346,1,0,2300-2359,817,730,0,0800-0859,1,,332,284,2475,10,,,,,,
2,10,7,AA,N103NN,24,12892,LAX,"Los Angeles, CA",12478,JFK,"New York, NY",2345,2343,0,0,2300-2359,817,733,0,0800-0859,1,,332,290,2475,10,,,,,,
2,11,1,AA,N110AN,24,12892,LAX,"Los Angeles, CA",12478,JFK,"New York, NY",2345,50,65,1,2300-2359,817,929,72,0800-0859,1,,332,339,2475,10,65,0,7,0,0,
2,12,2,AA,N115NN,24,12892,LAX,"Los Angeles, CA",12478,JFK,"New York, NY",2345,2357,12,0,2300-2359,817,806,0,0800-0859,1,,332,309,2475,10,,,,,,
2,13,3,AA,N108NN,24,12892,LAX,"Los Angeles, CA",12478,JFK,"New York, NY",2345,2343,0,0,2300-2359,817,757,0,0800-0859,1,,332,314,2475,10,,,,,,
2,14,4,AA,N107NN,24,12892,LAX,"Los Angeles, CA",12478,JFK,"New York, NY",2345,4,19,1,2300-2359,808,802,0,0800-0859,1,,323,298,2475,10,,,,,,
2,15,5,AA,N111ZM,24,12892,LAX,"Los Angeles, CA",12478,JFK,"New York, NY",2345,2345,0,0,2300-2359,808,722,0,0800-0859,1,,323,277,2475,10,,,,,,
2,17,7,AA,N113AN,24,12892,LAX,"Los Angeles, CA",12478,JFK,"New York, NY",2345,2346,1,0,2300-2359,808,728,0,0800-0859,1,,323,282,2475,10,,,,,,
2,18,1,AA,N117AN,24,12892,LAX,"Los Angeles, CA",12478,JFK,"New York, NY",2345,2343,0,0,2300-2359,808,740,0,0800-0859,1,,323,297,2475,10,,,,,,
2,19,2,AA,N116AN,24,12892,LAX,"Los Angeles, CA",12478,JFK,"New York, NY",2345,2340,0,0,2300-2359,808,744,0,0800-0859,1,,323,304,2475,10,,,,,,
2,20,3,AA,N105NN,24,12892,LAX,"Los Angeles, CA",12478,JFK,"New York, NY",2345,2345,0,0,2300-2359,808,732,0,0800-0859,1,,323,287,2475,10,,,,,,
2,21,4,AA,N102NN,24,12892,LAX,"Los Angeles, CA",12478,JFK,"New York, NY",2345,2357,12,0,2300-2359,808,752,0,0800-0859,1,,323,295,2475,10,,,,,,
2,22,5,AA,N111ZM,24,12892,LAX,"Los Angeles, CA",12478,JFK,"New York, NY",2345,2342,0,0,2300-2359,808,752,0,0800-0859,1,,323,310,2475,10,,,,,,
2,23,6,AA,N108NN,24,12892,LAX,"Los Angeles, CA",12478,JFK,"New York, NY",2345,2340,0,0,2300-2359,808,720,0,0800-0859,1,,323,280,2475,10,,,,,,
2,24,7,AA,N114NN,24,12892,LAX,"Los Angeles, CA",12478,JFK,"New York, NY",2345,2355,10,0,2300-2359,808,753,0,0800-0859,1,,323,298,2475,10,,,,,,
2,25,1,AA,N106NN,24,12892,LAX,"Los Angeles, CA",12478,JFK,"New York, NY",2345,145,120,1,2300-2359,808,1013,125,0800-0859,1,,323,328,2475,10,38,0,5,0,82,
2,26,2,AA,N104NN,24,12892,LAX,"Los Angeles, CA",12478,JFK,"New York, NY",2345,2341,0,0,2300-2359,808,739,0,0800-0859,1,,323,298,2475,10,,,,,,
2,27,3,AA,N109NN,24,12892,LAX,"Los Angeles, CA",12478,JFK,"New York, NY",2345,2344,0,0,2300-2359,808,745,0,0800-0859,1,,323,301,2475,10,,,,,,
2,28,4,AA,N111ZM,24,12892,LAX,"Los Angeles, CA",12478,JFK,"New York, NY",2345,2340,0,0,2300-2359,808,738,0,0800-0859,0,,323,298,2475,10,,,,,,
2,1,5,AA,N338PK,25,13930,ORD,"Chicago, IL",12953,LGA,"New York, NY",600,613,13,0,0600-0659,910,928,18,0900-0959,0,,130,135,733,3,0,13,5,0,0,
2,4,1,AA,N357PV,25,13930,ORD,"Chicago, IL",12953,LGA,"New York, NY",600,556,0,0,0600-0659,910,855,0,0900-0959,0,,130,119,733,3,,,,,,
2,5,2,AA,N919AN,25,13930,ORD,"Chicago, IL",12953,LGA,"New York, NY",600,553,0,0,0600-0659,910,845,0,0900-0959,0,,130,112,733,3,,,,,,
2,6,3,AA,N961NN,25,13930,ORD,"Chicago, IL",12953,LGA,"New York, NY",600,554,0,0,0600-0659,910,842,0,0900-0959,0,,130,108,733,3,,,,,,
2,7,4,AA,N987NN,25,13930,ORD,"Chicago, IL",12953,LGA,"New York, NY",600,551,0,0,0600-0659,910,847,0,0900-0959,0,,130,116,733,3,,,,,,
2,8,5,AA,N301PA,25,13930,ORD,"Chicago, IL",12953,LGA,"New York, NY",600,601,1,0,0600-0659,910,932,22,0900-0959,0,,130,151,733,3,1,0,21,0,0,
2,11,1,AA,N948NN,25,13930,ORD,"Chicago, IL",12953,LGA,"New York, NY",600,559,0,0,0600-0659,910,918,8,0900-0959,0,,130,139,733,3,,,,,,
2,12,2,AA,N977NN,25,13930,ORD,"Chicago, IL",12953,LGA,"New York, NY",600,603,3,0,0600-0659,910,903,0,0900-0959,0,,130,120,733,3,,,,,,
2,13,3,AA,N892NN,25,13930,ORD,"Chicago, IL",12953,LGA,"New York, NY",600,555,0,0,0600-0659,910,906,0,0900-0959,0,,130,131,733,3,,,,,,
2,14,4,AA,N951NN,25,13930,ORD,"Chicago, IL",12953,LGA,"New York, NY",600,557,0,0,0600-0659,910,848,0,0900-0959,0,,130,111,733,3,,,,,,
2,15,5,AA,N358PW,25,13930,ORD,"Chicago, IL",12953,LGA,"New York, NY",600,611,11,0,0600-0659,910,914,4,0900-0959,0,,130,123,733,3,,,,,,
2,18,1,AA,N977NN,25,13930,ORD,"Chicago, IL",12953,LGA,"New York, NY",600,608,8,0,0600-0659,910,906,0,0900-0959,0,,130,118,733,3,,,,,,
2,19,2,AA,N967NN,25,13930,ORD,"Chicago, IL",12953,LGA,"New York, NY",600,557,0,0,0600-0659,910,906,0,0900-0959,0,,130,129,733,3,,,,,,
2,20,3,AA,N301PA,25,13930,ORD,"Chicago, IL",12953,LGA,"New York, NY",600,554,0,0,0600-0659,910,859,0,0900-0959,0,,130,125,733,3,,,,,,
2,21,4,AA,N305NX,25,13930,ORD,"Chicago, IL",12953,LGA,"New York, NY",600,555,0,0,0600-0659,910,835,0,0900-0959,0,,130,100,733,3,,,,,,
2,22,5,AA,N812NN,25,13930,ORD,"Chicago, IL",12953,LGA,"New York, NY",600,553,0,0,0600-0659,910,856,0,0900-0959,0,,130,123,733,3,,,,,,
2,25,1,AA,N829NN,25,13930,ORD,"Chicago, IL",12953,LGA,"New York, NY",600,624,24,1,0600-0659,910,935,25,0900-0959,0,,130,131,733,3,24,0,1,0,0,
2,26,2,AA,N996NN,25,13930,ORD,"Chicago, IL",12953,LGA,"New York, NY",600,600,0,0,0600-0659,910,853,0,0900-0959,0,,130,113,733,3,,,,,,
2,27,3,AA,N833NN,25,13930,ORD,"Chicago, IL",12953,LGA,"New York, NY",600,603,3,0,0600-0659,910,851,0,0900-0959,0,,130,108,733,3,,,,,,
2,28,4,AA,N989NN,25,13930,ORD,"Chicago, IL",12953,LGA,"New York, NY",600,555,0,0,0600-0659,910,903,0,0900-0959,0,,130,128,733,3,,,,,,
2,17,7,AA,N939NN,25,14908,SNA,"Santa Ana, CA",13930,ORD,"Chicago, IL",745,756,11,0,0700-0759,1344,1352,8,1300-1359,0,,239,236,1726,7,,,,,,
2,24,7,AA,N305NX,25,14908,SNA,"Santa Ana, CA",13930,ORD,"Chicago, IL",745,735,0,0,0700-0759,1344,1340,0,1300-1359,0,,239,245,1726,7,,,,,,
2,1,5,AA,N114NN,28,12892,LAX,"Los Angeles, CA",12478,JFK,"New York, NY",2236,2242,6,0,2200-2259,700,720,20,0700-0759,0,,324,338,2475,10,0,0,20,0,0,
2,2,6,AA,N109NN,28,12892,LAX,"Los Angeles, CA",12478,JFK,"New York, NY",2236,2228,0,0,2200-2259,700,636,0,0700-0759,0,,324,308,2475,10,,,,,,
2,3,7,AA,N102NN,28,12892,LAX,"Los Angeles, CA",12478,JFK,"New York, NY",2236,2231,0,0,2200-2259,700,649,0,0700-0759,0,,324,318,2475,10,,,,,,
2,4,1,AA,N103NN,28,12892,LAX,"Los Angeles, CA",12478,JFK,"New York, NY",2236,2238,2,0,2200-2259,700,640,0,0700-0759,0,,324,302,2475,10,,,,,,
2,5,2,AA,N117AN,28,12892,LAX,"Los Angeles, CA",12478,JFK,"New York, NY",2236,2230,0,0,2200-2259,700,614,0,0700-0759,0,,324,284,2475,10,,,,,,
2,6,3,AA,N111ZM,28,12892,LAX,"Los Angeles, CA",12478,JFK,"New York, NY",2236,2233,0,0,2200-2259,700,620,0,0700-0759,0,,324,287,2475,10,,,,,,
2,7,4,AA,N112AN,28,12892,LAX,"Los Angeles, CA",12478,JFK,"New York, NY",2236,2232,0,0,2200-2259,700,617,0,0700-0759,0,,324,285,2475,10,,,,,,
2,8,5,AA,N116AN,28,12892,LAX,"Los Angeles, CA",12478,JFK,"New York, NY",2236,2245,9,0,2200-2259,700,640,0,0700-0759,0,,324,295,2475,10,,,,,,
2,9,6,AA,N108NN,28,12892,LAX,"Los Angeles, CA",12478,JFK,"New York, NY",2236,2244,8,0,2200-2259,700,640,0,0700-0759,0,,324,296,2475,10,,,,,,
2,10,7,AA,N102NN,28,12892,LAX,"Los Angeles, CA",12478,JFK,"New York, NY",2236,2232,0,0,2200-2259,700,633,0,0700-0759,0,,324,301,2475,10,,,,,,
2,11,1,AA,N112AN,28,12892,LAX,"Los Angeles, CA",12478,JFK,"New York, NY",2236,2233,0,0,2200-2259,700,634,0,0700-0759,0,,324,301,2475,10,,,,,,
2,12,2,AA,N111ZM,28,12892,LAX,"Los Angeles, CA",12478,JFK,"New York, NY",2236,2250,14,0,2200-2259,700,717,17,0700-0759,0,,324,327,2475,10,4,0,3,0,10,
2,13,3,AA,N105NN,28,12892,LAX,"Los Angeles, CA",12478,JFK,"New York, NY",2236,2232,0,0,2200-2259,700,641,0,0700-0759,0,,324,309,2475,10,,,,,,
2,14,4,AA,N101NN,28,12892,LAX,"Los Angeles, CA",12478,JFK,"New York, NY",2240,2248,8,0,2200-2259,700,645,0,0700-0759,0,,320,297,2475,10,,,,,,
2,15,5,AA,N114NN,28,12892,LAX,"Los Angeles, CA",12478,JFK,"New York, NY",2240,2237,0,0,2200-2259,700,615,0,0700-0759,0,,320,278,2475,10,,,,,,
2,16,6,AA,N107NN,28,12892,LAX,"Los Angeles, CA",12478,JFK,"New York, NY",2240,2237,0,0,2200-2259,700,633,0,0700-0759,0,,320,296,2475,10,,,,,,
2,17,7,AA,N108NN,28,12892,LAX,"Los Angeles, CA",12478,JFK,"New York, NY",2240,2238,0,0,2200-2259,700,607,0,0700-0759,0,,320,269,2475,10,,,,,,
2,18,1,AA,N112AN,28,12892,LAX,"Los Angeles, CA",12478,JFK,"New York, NY",2240,2241,1,0,2200-2259,700,624,0,0700-0759,0,,320,283,2475,10,,,,,,
2,19,2,AA,N103NN,28,12892,LAX,"Los Angeles, CA",12478,JFK,"New York, NY",2240,2238,0,0,2200-2259,700,636,0,0700-0759,0,,320,298,2475,10,,,,,,
2,20,3,AA,N113AN,28,12892,LAX,"Los Angeles, CA",12478,JFK,"New York, NY",2240,2253,13,0,2200-2259,700,654,0,0700-0759,0,,320,301,2475,10,,,,,,
2,21,4,AA,N114NN,28,12892,LAX,"Los Angeles, CA",12478,JFK,"New York, NY",2240,2257,17,1,2200-2259,700,657,0,0700-0759,0,,320,300,2475,10,,,,,,
2,22,5,AA,N104NN,28,12892,LAX,"Los Angeles, CA",12478,JFK,"New York, NY",2240,2242,2,0,2200-2259,700,651,0,0700-0759,0,,320,309,2475,10,,,,,,
2,23,6,AA,N103NN,28,12892,LAX,"Los Angeles, CA",12478,JFK,"New York, NY",2240,2236,0,0,2200-2259,700,630,0,0700-0759,0,,320,294,2475,10,,,,,,
2,24,7,AA,N101NN,28,12892,LAX,"Los Angeles, CA",12478,JFK,"New York, NY",2240,2232,0,0,2200-2259,700,632,0,0700-0759,0,,320,300,2475,10,,,,,,
2,25,1,AA,N117AN,28,12892,LAX,"Los Angeles, CA",12478,JFK,"New York, NY",2240,2236,0,0,2200-2259,700,649,0,0700-0759,0,,320,313,2475,10,,,,,,
2,26,2,AA,N105NN,28,12892,LAX,"Los Angeles, CA",12478,JFK,"New York, NY",2240,2235,0,0,2200-2259,700,631,0,0700-0759,0,,320,296,2475,10,,,,,,
2,27,3,AA,N113AN,28,12892,LAX,"Los Angeles, CA",12478,JFK,"New York, NY",2240,2235,0,0,2200-2259,700,643,0,0700-0759,0,,320,308,2475,10,,,,,,
2,28,4,AA,N114NN,28,12892,LAX,"Los Angeles, CA",12478,JFK,"New York, NY",2240,2239,0,0,2200-2259,700,640,0,0700-0759,0,,320,301,2475,10,,,,,,
2,1,5,AA,N880NN,29,13303,MIA,"Miami, FL",10721,BOS,"Boston, MA",1200,1159,0,0,1200-1259,1510,1500,0,1500-1559,0,,190,181,1258,6,,,,,,
2,2,6,AA,N910NN,29,13303,MIA,"Miami, FL",10721,BOS,"Boston, MA",1200,1159,0,0,1200-1259,1510,1513,3,1500-1559,0,,190,194,1258,6,,,,,,
2,3,7,AA,N803NN,29,13303,MIA,"Miami, FL",10721,BOS,"Boston, MA",1200,1209,9,0,1200-1259,1510,1516,6,1500-1559,0,,190,187,1258,6,,,,,,
2,4,1,AA,N927AN,29,13303,MIA,"Miami, FL",10721,BOS,"Boston, MA",1200,1159,0,0,1200-1259,1510,1514,4,1500-1559,0,,190,195,1258,6,,,,,,
2,5,2,AA,N875NN,29,13303,MIA,"Miami, FL",10721,BOS,"Boston, MA",1200,1201,1,0,1200-1259,1510,1512,2,1500-1559,0,,190,191,1258,6,,,,,,
2,6,3,AA,N878NN,29,13303,MIA,"Miami, FL",10721,BOS,"Boston, MA",1200,1202,2,0,1200-1259,1510,1512,2,1500-1559,0,,190,190,1258,6,,,,,,
2,7,4,AA,N865NN,29,13303,MIA,"Miami, FL",10721,BOS,"Boston, MA",1200,1157,0,0,1200-1259,1510,1508,0,1500-1559,0,,190,191,1258,6,,,,,,
2,8,5,AA,N927AN,29,13303,MIA,"Miami, FL",10721,BOS,"Boston, MA",1200,1201,1,0,1200-1259,1510,1503,0,1500-1559,0,,190,182,1258,6,,,,,,
2,9,6,AA,N902NN,29,13303,MIA,"Miami, FL",10721,BOS,"Boston, MA",1200,1156,0,0,1200-1259,1510,1501,0,1500-1559,0,,190,185,1258,6,,,,,,
2,10,7,AA,N973NN,29,13303,MIA,"Miami, FL",10721,BOS,"Boston, MA",1200,1204,4,0,1200-1259,1510,1513,3,1500-1559,0,,190,189,1258,6,,,,,,
2,11,1,AA,N953AN,29,13303,MIA,"Miami, FL",10721,BOS,"Boston, MA",1200,1325,85,1,1200-1259,1510,1622,72,1500-1559,0,,190,177,1258,6,72,0,0,0,0,
2,12,2,AA,N997NN,29,13303,MIA,"Miami, FL",10721,BOS,"Boston, MA",1200,1203,3,0,1200-1259,1510,1500,0,1500-1559,0,,190,177,1258,6,,,,,,
2,13,3,AA,N844NN,29,13303,MIA,"Miami, FL",10721,BOS,"Boston, MA",1200,1206,6,0,1200-1259,1510,1456,0,1500-1559,0,,190,170,1258,6,,,,,,
2,14,4,AA,N958NN,29,13303,MIA,"Miami, FL",10721,BOS,"Boston, MA",1200,1152,0,0,1200-1259,1513,1457,0,1500-1559,0,,193,185,1258,6,,,,,,
2,15,5,AA,N949AN,29,13303,MIA,"Miami, FL",10721,BOS,"Boston, MA",1200,1158,0,0,1200-1259,1513,1534,21,1500-1559,0,,193,216,1258,6,0,0,21,0,0,
2,16,6,AA,N301PA,29,13303,MIA,"Miami, FL",10721,BOS,"Boston, MA",1200,1210,10,0,1200-1259,1513,1535,22,1500-1559,0,,193,205,1258,6,10,0,12,0,0,
2,17,7,AA,N905NN,29,13303,MIA,"Miami, FL",10721,BOS,"Boston, MA",1200,1156,0,0,1200-1259,1513,1454,0,1500-1559,0,,193,178,1258,6,,,,,,
2,18,1,AA,N948NN,29,13303,MIA,"Miami, FL",10721,BOS,"Boston, MA",1200,1306,66,1,1200-1259,1513,1553,40,1500-1559,0,,193,167,1258,6,40,0,0,0,0,
2,19,2,AA,N924NN,29,13303,MIA,"Miami, FL",10721,BOS,"Boston, MA",1200,1157,0,0,1200-1259,1513,1449,0,1500-1559,0,,193,172,1258,6,,,,,,
2,20,3,AA,N355PU,29,13303,MIA,"Miami, FL",10721,BOS,"Boston, MA",1200,1208,8,0,1200-1259,1513,1511,0,1500-1559,0,,193,183,1258,6,,,,,,
2,21,4,AA,N906AN,29,13303,MIA,"Miami, FL",10721,BOS,"Boston, MA",1200,1215,15,1,1200-1259,1513,1518,5,1500-1559,0,,193,183,1258,6,,,,,,
2,22,5,AA,N807NN,29,13303,MIA,"Miami, FL",10721,BOS,"Boston, MA",1200,1156,0,0,1200-1259,1513,1459,0,1500-1559,0,,193,183,1258,6,,,,,,
2,23,6,AA,N990AN,29,13303,MIA,"Miami, FL",10721,BOS,"Boston, MA",1200,1152,0,0,1200-1259,1513,1459,0,1500-1559,0,,193,187,1258,6,,,,,,
2,24,7,AA,N910AN,29,13303,MIA,"Miami, FL",10721,BOS,"Boston, MA",1200,1206,6,0,1200-1259,1513,1550,37,1500-1559,0,,193,224,1258,6,0,0,37,0,0,
2,25,1,AA,N951NN,29,13303,MIA,"Miami, FL",10721,BOS,"Boston, MA",1200,1200,0,0,1200-1259,1513,1515,2,1500-1559,0,,193,195,1258,6,,,,,,
2,26,2,AA,N925AN,29,13303,MIA,"Miami, FL",10721,BOS,"Boston, MA",1200,1156,0,0,1200-1259,1513,1454,0,1500-1559,0,,193,178,1258,6,,,,,,
2,27,3,AA,N918NN,29,13303,MIA,"Miami, FL",10721,BOS,"Boston, MA",1200,1216,16,1,1200-1259,1513,1523,10,1500-1559,0,,193,187,1258,6,,,,,,
2,28,4,AA,N958AN,29,13303,MIA,"Miami, FL",10721,BOS,"Boston, MA",1200,1157,0,0,1200-1259,1513,1510,0,1500-1559,0,,193,193,1258,6,,,,,,
2,1,5,AA,N986NN,30,12953,LGA,"New York, NY",13930,ORD,"Chicago, IL",1330,1326,0,0,1300-1359,1513,1511,0,1500-1559,0,,163,165,733,3,,,,,,
2,2,6,AA,N981NN,30,12953,LGA,"New York, NY",13930,ORD,"Chicago, IL",1330,1326,0,0,1300-1359,1513,1457,0,1500-1559,0,,163,151,733,3,,,,,,
2,3,7,AA,N887NN,30,12953,LGA,"New York, NY",13930,ORD,"Chicago, IL",1330,1322,0,0,1300-1359,1513,1442,0,1500-1559,0,,163,140,733,3,,,,,,
2,4,1,AA,N994NN,30,12953,LGA,"New York, NY",13930,ORD,"Chicago, IL",1330,1320,0,0,1300-1359,1513,1441,0,1500-1559,0,,163,141,733,3,,,,,,
2,5,2,AA,N905AN,30,12953,LGA,"New York, NY",13930,ORD,"Chicago, IL",1330,1321,0,0,1300-1359,1513,1451,0,1500-1559,0,,163,150,733,3,,,,,,
2,6,3,AA,N958NN,30,12953,LGA,"New York, NY",13930,ORD,"Chicago, IL",1330,1320,0,0,1300-1359,1513,1514,1,1500-1559,0,,163,174,733,3,,,,,,
2,7,4,AA,N993NN,30,12953,LGA,"New York, NY",13930,ORD,"Chicago, IL",1330,1417,47,1,1300-1359,1513,1628,75,1500-1559,0,,163,191,733,3,0,0,28,0,47,
2,8,5,AA,N343PN,30,12953,LGA,"New York, NY",13930,ORD,"Chicago, IL",1330,1327,0,0,1300-1359,1513,1515,2,1500-1559,0,,163,168,733,3,,,,,,
2,9,6,AA,N943AN,30,12953,LGA,"New York, NY",13930,ORD,"Chicago, IL",1330,1327,0,0,1300-1359,1513,1514,1,1500-1559,0,,163,167,733,3,,,,,,
2,10,7,AA,N942NN,30,12953,LGA,"New York, NY",13930,ORD,"Chicago, IL",1330,1324,0,0,1300-1359,1513,1522,9,1500-1559,0,,163,178,733,3,,,,,,
2,11,1,AA,N879NN,30,12953,LGA,"New York, NY",13930,ORD,"Chicago, IL",1330,1325,0,0,1300-1359,1513,1529,16,1500-1559,0,,163,184,733,3,0,0,16,0,0,
2,12,2,AA,N958NN,30,12953,LGA,"New York, NY",13930,ORD,"Chicago, IL",1330,,,,1300-1359,1513,,,1500-1559,1,B,163,,733,3,,,,,,
2,13,3,AA,N961NN,30,12953,LGA,"New York, NY",13930,ORD,"Chicago, IL",1330,1325,0,0,1300-1359,1513,1451,0,1500-1559,0,,163,146,733,3,,,,,,
2,14,4,AA,N820NN,30,12953,LGA,"New York, NY",13930,ORD,"Chicago, IL",1330,,,,1300-1359,1514,,,1500-1559,1,A,164,,733,3,,,,,,
2,15,5,AA,N925NN,30,12953,LGA,"New York, NY",13930,ORD,"Chicago, IL",1330,1330,0,0,1300-1359,1514,1503,0,1500-1559,0,,164,153,733,3,,,,,,
2,16,6,AA,N934NN,30,12953,LGA,"New York, NY",13930,ORD,"Chicago, IL",1330,1357,27,1,1300-1359,1514,1524,10,1500-1559,0,,164,147,733,3,,,,,,
2,17,7,AA,N335PH,30,12953,LGA,"New York, NY",13930,ORD,"Chicago, IL",1330,1333,3,0,1300-1359,1514,1743,149,1500-1559,0,,164,310,733,3,0,0,146,0,3,
2,18,1,AA,N876NN,30,12953,LGA,"New York, NY",13930,ORD,"Chicago, IL",1330,1412,42,1,1300-1359,1514,1552,38,1500-1559,0,,164,160,733,3,2,0,0,0,36,
2,19,2,AA,N904NN,30,12953,LGA,"New York, NY",13930,ORD,"Chicago, IL",1330,1326,0,0,1300-1359,1514,1526,12,1500-1559,0,,164,180,733,3,,,,,,
2,20,3,AA,N955AN,30,12953,LGA,"New York, NY",13930,ORD,"Chicago, IL",1330,1408,38,1,1300-1359,1514,1641,87,1500-1559,0,,164,213,733,3,0,1,49,0,37,
2,21,4,AA,N995NN,30,12953,LGA,"New York, NY",13930,ORD,"Chicago, IL",1330,1328,0,0,1300-1359,1514,1459,0,1500-1559,0,,164,151,733,3,,,,,,
2,22,5,AA,N940NN,30,12953,LGA,"New York, NY",13930,ORD,"Chicago, IL",1330,1334,4,0,1300-1359,1514,1548,34,1500-1559,0,,164,194,733,3,0,0,30,0,4,
2,23,6,AA,N829NN,30,12953,LGA,"New York, NY",13930,ORD,"Chicago, IL",1330,1326,0,0,1300-1359,1514,1513,0,1500-1559,0,,164,167,733,3,,,,,,
2,24,7,AA,N979NN,30,12953,LGA,"New York, NY",13930,ORD,"Chicago, IL",1330,1352,22,1,1300-1359,1514,1526,12,1500-1559,0,,164,154,733,3,,,,,,
2,25,1,AA,N878NN,30,12953,LGA,"New York, NY",13930,ORD,"Chicago, IL",1330,1357,27,1,1300-1359,1514,1601,47,1500-1559,0,,164,184,733,3,0,0,20,0,27,
2,26,2,AA,N945NN,30,12953,LGA,"New York, NY",13930,ORD,"Chicago, IL",1330,1324,0,0,1300-1359,1514,1516,2,1500-1559,0,,164,172,733,3,,,,,,
2,27,3,AA,N989NN,30,12953,LGA,"New York, NY",13930,ORD,"Chicago, IL",1330,1321,0,0,1300-1359,1514,1502,0,1500-1559,0,,164,161,733,3,,,,,,
2,28,4,AA,N956NN,30,12953,LGA,"New York, NY",13930,ORD,"Chicago, IL",1330,1324,0,0,1300-1359,1514,1455,0,1500-1559,0,,164,151,733,3,,,,,,
2,1,5,AA,N933AN,30,13930,ORD,"Chicago, IL",12953,LGA,"New York, NY",1630,1642,12,0,1600-1659,1936,1945,9,1900-1959,0,,126,123,733,3,,,,,,
2,2,6,AA,N981NN,30,13930,ORD,"Chicago, IL",12953,LGA,"New York, NY",1630,1635,5,0,1600-1659,1936,1931,0,1900-1959,0,,126,116,733,3,,,,,,
2,3,7,AA,N958NN,30,13930,ORD,"Chicago, IL",12953,LGA,"New York, NY",1630,1631,1,0,1600-1659,1936,1932,0,1900-1959,0,,126,121,733,3,,,,,,
2,4,1,AA,N994NN,30,13930,ORD,"Chicago, IL",12953,LGA,"New York, NY",1630,1643,13,0,1600-1659,1936,1944,8,1900-1959,0,,126,121,733,3,,,,,,
2,5,2,AA,N973NN,30,13930,ORD,"Chicago, IL",12953,LGA,"New York, NY",1630,1627,0,0,1600-1659,1936,1918,0,1900-1959,0,,126,111,733,3,,,,,,
2,6,3,AA,N958NN,30,13930,ORD,"Chicago, IL",12953,LGA,"New York, NY",1630,1637,7,0,1600-1659,1936,1932,0,1900-1959,0,,126,115,733,3,,,,,,
2,7,4,AA,N301PA,30,13930,ORD,"Chicago, IL",12953,LGA,"New York, NY",1630,1637,7,0,1600-1659,1936,1936,0,1900-1959,0,,126,119,733,3,,,,,,
2,8,5,AA,N987NN,30,13930,ORD,"Chicago, IL",12953,LGA,"New York, NY",1630,1727,57,1,1600-1659,1936,2042,66,1900-1959,0,,126,135,733,3,0,0,64,0,2,
2,9,6,AA,N863NN,30,13930,ORD,"Chicago, IL",12953,LGA,"New York, NY",1630,1622,0,0,1600-1659,1936,1859,0,1900-1959,0,,126,97,733,3,,,,,,
2,10,7,AA,N942NN,30,13930,ORD,"Chicago, IL",12953,LGA,"New York, NY",1630,1639,9,0,1600-1659,1936,1938,2,1900-1959,0,,126,119,733,3,,,,,,
2,11,1,AA,N879NN,30,13930,ORD,"Chicago, IL",12953,LGA,"New York, NY",1630,1627,0,0,1600-1659,1936,1923,0,1900-1959,0,,126,116,733,3,,,,,,
2,12,2,AA,N956NN,30,13930,ORD,"Chicago, IL",12953,LGA,"New York, NY",1630,1639,9,0,1600-1659,1936,1955,19,1900-1959,0,,126,136,733,3,0,9,10,0,0,
2,13,3,AA,N969NN,30,13930,ORD,"Chicago, IL",12953,LGA,"New York, NY",1630,1635,5,0,1600-1659,1936,1935,0,1900-1959,0,,126,120,733,3,,,,,,
2,14,4,AA,N358PW,30,13930,ORD,"Chicago, IL",12953,LGA,"New York, NY",1630,1635,5,0,1600-1659,1936,1926,0,1900-1959,0,,126,111,733,3,,,,,,
2,15,5,AA,N925NN,30,13930,ORD,"Chicago, IL",12953,LGA,"New York, NY",1630,1626,0,0,1600-1659,1936,1916,0,1900-1959,0,,126,110,733,3,,,,,,
2,16,6,AA,N924AN,30,13930,ORD,"Chicago, IL",12953,LGA,"New York, NY",1630,1625,0,0,1600-1659,1936,1918,0,1900-1959,0,,126,113,733,3,,,,,,
2,17,7,AA,N935NN,30,13930,ORD,"Chicago, IL",12953,LGA,"New York, NY",1630,1910,160,1,1600-1659,1936,2240,184,1900-1959,0,,126,150,733,3,0,27,84,0,73,
2,18,1,AA,N876NN,30,13930,ORD,"Chicago, IL",12953,LGA,"New York, NY",1630,1643,13,0,1600-1659,1936,1941,5,1900-1959,0,,126,118,733,3,,,,,,
2,19,2,AA,N301PA,30,13930,ORD,"Chicago, IL",12953,LGA,"New York, NY",1630,1629,0,0,1600-1659,1936,1916,0,1900-1959,0,,126,107,733,3,,,,,,
2,20,3,AA,N946AN,30,13930,ORD,"Chicago, IL",12953,LGA,"New York, NY",1630,,,,1600-1659,1936,,,1900-1959,1,B,126,,733,3,,,,,,
2,21,4,AA,N995NN,30,13930,ORD,"Chicago, IL",12953,LGA,"New York, NY",1630,1629,0,0,1600-1659,1936,1917,0,1900-1959,0,,126,108,733,3,,,,,,
2,22,5,AA,N940NN,30,13930,ORD,"Chicago, IL",12953,LGA,"New York, NY",1630,1724,54,1,1600-1659,1936,2049,73,1900-1959,0,,126,145,733,3,46,0,19,0,8,
2,23,6,AA,N343PN,30,13930,ORD,"Chicago, IL",12953,LGA,"New York, NY",1630,1628,0,0,1600-1659,1936,1917,0,1900-1959,0,,126,109,733,3,,,,,,
2,24,7,AA,N979NN,30,13930,ORD,"Chicago, IL",12953,LGA,"New York, NY",1630,1644,14,0,1600-1659,1936,1948,12,1900-1959,0,,126,124,733,3,,,,,,
2,25,1,AA,N906AN,30,13930,ORD,"Chicago, IL",12953,LGA,"New York, NY",1630,2008,218,1,1600-1659,1936,2300,204,1900-1959,0,,126,112,733,3,17,0,0,0,187,
2,26,2,AA,N357PV,30,13930,ORD,"Chicago, IL",12953,LGA,"New York, NY",1630,1710,40,1,1600-1659,1936,2038,62,1900-1959,0,,126,148,733,3,36,4,22,0,0,
2,27,3,AA,N876NN,30,13930,ORD,"Chicago, IL",12953,LGA,"New York, NY",1630,1627,0,0,1600-1659,1936,1919,0,1900-1959,0,,126,112,733,3,,,,,,
2,28,4,AA,N907AN,30,13930,ORD,"Chicago, IL",12953,LGA,"New York, NY",1630,1647,17,1,1600-1659,1936,1948,12,1900-1959,0,,126,121,733,3,,,,,,
2,1,5,AA,N131NN,31,12892,LAX,"Los Angeles, CA",12173,HNL,"Honolulu, HI",820,816,0,0,0800-0859,1233,1214,0,1200-1259,0,,373,358,2556,11,,,,,,
2,2,6,AA,N132AN,31,12892,LAX,"Los Angeles, CA",12173,HNL,"Honolulu, HI",820,817,0,0,0800-0859,1233,1229,0,1200-1259,0,,373,372,2556,11,,,,,,
2,3,7,AA,N131NN,31,12892,LAX,"Los Angeles, CA",12173,HNL,"Honolulu, HI",820,821,1,0,0800-0859,1233,1229,0,1200-1259,0,,373,368,2556,11,,,,,,
2,4,1,AA,N130AN,31,12892,LAX,"Los Angeles, CA",12173,HNL,"Honolulu, HI",820,818,0,0,0800-0859,1233,1213,0,1200-1259,0,,373,355,2556,11,,,,,,
2,5,2,AA,N128AN,31,12892,LAX,"Los Angeles, CA",12173,HNL,"Honolulu, HI",820,819,0,0,0800-0859,1233,1214,0,1200-1259,0,,373,355,2556,11,,,,,,
2,6,3,AA,N122NN,31,12892,LAX,"Los Angeles, CA",12173,HNL,"Honolulu, HI",820,817,0,0,0800-0859,1233,1227,0,1200-1259,0,,373,370,2556,11,,,,,,
2,7,4,AA,N131NN,31,12892,LAX,"Los Angeles, CA",12173,HNL,"Honolulu, HI",820,821,1,0,0800-0859,1233,1254,21,1200-1259,0,,373,393,2556,11,0,0,20,1,0,
2,8,5,AA,N126AN,31,12892,LAX,"Los Angeles, CA",12173,HNL,"Honolulu, HI",820,829,9,0,0800-0859,1233,1251,18,1200-1259,0,,373,382,2556,11,9,0,9,0,0,
2,9,6,AA,N134AN,31,12892,LAX,"Los Angeles, CA",12173,HNL,"Honolulu, HI",820,825,5,0,0800-0859,1233,1311,38,1200-1259,0,,373,406,2556,11,5,0,33,0,0,
2,10,7,AA,N119NN,31,12892,LAX,"Los Angeles, CA",12173,HNL,"Honolulu, HI",820,816,0,0,0800-0859,1233,1309,36,1200-1259,0,,373,413,2556,11,0,0,36,0,0,
2,11,1,AA,N120EE,31,12892,LAX,"Los Angeles, CA",12173,HNL,"Honolulu, HI",820,855,35,1,0800-0859,1233,1333,60,1200-1259,0,,373,398,2556,11,35,0,25,0,0,
2,12,2,AA,N129AA,31,12892,LAX,"Los Angeles, CA",12173,HNL,"Honolulu, HI",820,839,19,1,0800-0859,1233,1316,43,1200-1259,0,,373,397,2556,11,19,0,24,0,0,
2,13,3,AA,N130AN,31,12892,LAX,"Los Angeles, CA",12173,HNL,"Honolulu, HI",820,852,32,1,0800-0859,1233,1329,56,1200-1259,0,,373,397,2556,11,32,0,24,0,0,
2,14,4,AA,N122NN,31,12892,LAX,"Los Angeles, CA",12173,HNL,"Honolulu, HI",820,847,27,1,0800-0859,1233,1315,42,1200-1259,0,,373,388,2556,11,27,0,15,0,0,
2,15,5,AA,N130AN,31,12892,LAX,"Los Angeles, CA",12173,HNL,"Honolulu, HI",820,818,0,0,0800-0859,1233,1301,28,1200-1259,0,,373,403,2556,11,0,0,28,0,0,
2,16,6,AA,N119NN,31,12892,LAX,"Los Angeles, CA",12173,HNL,"Honolulu, HI",820,820,0,0,0800-0859,1233,1222,0,1200-1259,0,,373,362,2556,11,,,,,,
2,17,7,AA,N125AA,31,12892,LAX,"Los Angeles, CA",12173,HNL,"Honolulu, HI",820,819,0,0,0800-0859,1233,1211,0,1200-1259,0,,373,352,2556,11,,,,,,
2,18,1,AA,N120EE,31,12892,LAX,"Los Angeles, CA",12173,HNL,"Honolulu, HI",820,818,0,0,0800-0859,1233,1236,3,1200-1259,0,,373,378,2556,11,,,,,,
2,19,2,AA,N135NN,31,12892,LAX,"Los Angeles, CA",12173,HNL,"Honolulu, HI",820,819,0,0,0800-0859,1233,1243,10,1200-1259,0,,373,384,2556,11,,,,,,
2,20,3,AA,N129AA,31,12892,LAX,"Los Angeles, CA",12173,HNL,"Honolulu, HI",820,817,0,0,0800-0859,1233,1154,0,1200-1259,0,,373,337,2556,11,,,,,,
2,21,4,AA,N129AA,31,12892,LAX,"Los Angeles, CA",12173,HNL,"Honolulu, HI",820,815,0,0,0800-0859,1233,1231,0,1200-1259,0,,373,376,2556,11,,,,,,
2,22,5,AA,N121AN,31,12892,LAX,"Los Angeles, CA",12173,HNL,"Honolulu, HI",820,814,0,0,0800-0859,1233,1216,0,1200-1259,0,,373,362,2556,11,,,,,,
2,23,6,AA,N123NN,31,12892,LAX,"Los Angeles, CA",12173,HNL,"Honolulu, HI",820,825,5,0,0800-0859,1233,1219,0,1200-1259,0,,373,354,2556,11,,,,,,
2,24,7,AA,N127AA,31,12892,LAX,"Los Angeles, CA",12173,HNL,"Honolulu, HI",820,821,1,0,0800-0859,1233,1230,0,1200-1259,0,,373,369,2556,11,,,,,,
2,25,1,AA,N122NN,31,12892,LAX,"Los Angeles, CA",12173,HNL,"Honolulu, HI",820,821,1,0,0800-0859,1233,1230,0,1200-1259,0,,373,369,2556,11,,,,,,
2,26,2,AA,N123NN,31,12892,LAX,"Los Angeles, CA",12173,HNL,"Honolulu, HI",820,817,0,0,0800-0859,1233,1229,0,1200-1259,0,,373,372,2556,11,,,,,,
2,27,3,AA,N133AN,31,12892,LAX,"Los Angeles, CA",12173,HNL,"Honolulu, HI",820,816,0,0,0800-0859,1233,1234,1,1200-1259,0,,373,378,2556,11,,,,,,
2,28,4,AA,N118NN,31,12892,LAX,"Los Angeles, CA",12173,HNL,"Honolulu, HI",820,824,4,0,0800-0859,1233,1303,30,1200-1259,1,,373,399,2556,11,4,0,26,0,0,
2,2,6,AA,N935AN,32,10423,AUS,"Austin, TX",13930,ORD,"Chicago, IL",1535,1529,0,0,1500-1559,1819,1801,0,1800-1859,1,,164,152,977,4,,,,,,
2,9,6,AA,N309PC,32,10423,AUS,"Austin, TX",13930,ORD,"Chicago, IL",1535,1528,0,0,1500-1559,1819,1746,0,1800-1859,1,,164,138,977,4,,,,,,
2,1,5,AA,N113AN,32,12892,LAX,"Los Angeles, CA",12478,JFK,"New York, NY",1400,1355,0,0,1400-1459,2220,2224,4,2200-2259,1,,320,329,2475,10,,,,,,
2,3,7,AA,N116AN,32,12892,LAX,"Los Angeles, CA",12478,JFK,"New York, NY",1400,1401,1,0,1400-1459,2220,2204,0,2200-2259,1,,320,303,2475,10,,,,,,
2,4,1,AA,N110AN,32,12892,LAX,"Los Angeles, CA",12478,JFK,"New York, NY",1400,1355,0,0,1400-1459,2220,2200,0,2200-2259,1,,320,305,2475,10,,,,,,
2,5,2,AA,N103NN,32,12892,LAX,"Los Angeles, CA",12478,JFK,"New York, NY",1400,1358,0,0,1400-1459,2220,2144,0,2200-2259,1,,320,286,2475,10,,,,,,
2,6,3,AA,N105NN,32,12892,LAX,"Los Angeles, CA",12478,JFK,"New York, NY",1400,1358,0,0,1400-1459,2220,2148,0,2200-2259,1,,320,290,2475,10,,,,,,
2,7,4,AA,N107NN,32,12892,LAX,"Los Angeles, CA",12478,JFK,"New York, NY",1400,1427,27,1,1400-1459,2220,2226,6,2200-2259,1,,320,299,2475,10,,,,,,
2,8,5,AA,N113AN,32,12892,LAX,"Los Angeles, CA",12478,JFK,"New York, NY",1400,1356,0,0,1400-1459,2220,2144,0,2200-2259,1,,320,288,2475,10,,,,,,
2,10,7,AA,N108NN,32,12892,LAX,"Los Angeles, CA",12478,JFK,"New York, NY",1400,1408,8,0,1400-1459,2220,2214,0,2200-2259,1,,320,306,2475,10,,,,,,
2,11,1,AA,N113AN,32,12892,LAX,"Los Angeles, CA",12478,JFK,"New York, NY",1400,1355,0,0,1400-1459,2220,2213,0,2200-2259,1,,320,318,2475,10,,,,,,
2,12,2,AA,N112AN,32,12892,LAX,"Los Angeles, CA",12478,JFK,"New York, NY",1400,1504,64,1,1400-1459,2220,2318,58,2200-2259,1,,320,314,2475,10,0,0,58,0,0,
2,13,3,AA,N112AN,32,12892,LAX,"Los Angeles, CA",12478,JFK,"New York, NY",1400,1356,0,0,1400-1459,2220,2151,0,2200-2259,1,,320,295,2475,10,,,,,,
2,14,4,AA,N105NN,32,12892,LAX,"Los Angeles, CA",12478,JFK,"New York, NY",1400,1406,6,0,1400-1459,2216,2217,1,2200-2259,1,,316,311,2475,10,,,,,,
2,15,5,AA,N113AN,32,12892,LAX,"Los Angeles, CA",12478,JFK,"New York, NY",1400,1410,10,0,1400-1459,2216,2150,0,2200-2259,0,,316,280,2475,10,,,,,,
2,17,7,AA,N107NN,32,12892,LAX,"Los Angeles, CA",12478,JFK,"New York, NY",1400,1355,0,0,1400-1459,2216,2125,0,2200-2259,0,,316,270,2475,10,,,,,,
2,18,1,AA,N108NN,32,12892,LAX,"Los Angeles, CA",12478,JFK,"New York, NY",1400,1355,0,0,1400-1459,2216,2135,0,2200-2259,0,,316,280,2475,10,,,,,,
2,19,2,AA,N112AN,32,12892,LAX,"Los Angeles, CA",12478,JFK,"New York, NY",1400,1359,0,0,1400-1459,2216,2205,0,2200-2259,0,,316,306,2475,10,,,,,,
2,20,3,AA,N103NN,32,12892,LAX,"Los Angeles, CA",12478,JFK,"New York, NY",1400,1356,0,0,1400-1459,2216,2149,0,2200-2259,0,,316,293,2475,10,,,,,,
2,21,4,AA,N113AN,32,12892,LAX,"Los Angeles, CA",12478,JFK,"New York, NY",1400,1357,0,0,1400-1459,2216,2156,0,2200-2259,0,,316,299,2475,10,,,,,,
2,22,5,AA,N109NN,32,12892,LAX,"Los Angeles, CA",12478,JFK,"New York, NY",1400,1402,2,0,1400-1459,2216,2153,0,2200-2259,0,,316,291,2475,10,,,,,,
2,23,6,AA,N104NN,32,12892,LAX,"Los Angeles, CA",12478,JFK,"New York, NY",1400,1357,0,0,1400-1459,2216,2201,0,2200-2259,0,,316,304,2475,10,,,,,,
2,24,7,AA,N113AN,32,12892,LAX,"Los Angeles, CA",12478,JFK,"New York, NY",1400,1427,27,1,1400-1459,2216,2220,4,2200-2259,0,,316,293,2475,10,,,,,,
2,25,1,AA,N103NN,32,12892,LAX,"Los Angeles, CA",12478,JFK,"New York, NY",1400,1356,0,0,1400-1459,2216,2209,0,2200-2259,0,,316,313,2475,10,,,,,,
2,26,2,AA,N110AN,32,12892,LAX,"Los Angeles, CA",12478,JFK,"New York, NY",1400,1400,0,0,1400-1459,2216,2201,0,2200-2259,0,,316,301,2475,10,,,,,,
2,27,3,AA,N115NN,32,12892,LAX,"Los Angeles, CA",12478,JFK,"New York, NY",1400,1355,0,0,1400-1459,2216,2149,0,2200-2259,0,,316,294,2475,10,,,,,,
2,28,4,AA,N115NN,32,12892,LAX,"Los Angeles, CA",12478,JFK,"New York, NY",1400,1358,0,0,1400-1459,2216,2159,0,2200-2259,0,,316,301,2475,10,,,,,,
2,2,6,AA,N935AN,32,13930,ORD,"Chicago, IL",10423,AUS,"Austin, TX",1200,1203,3,0,1200-1259,1447,1436,0,1400-1459,0,,167,153,977,4,,,,,,
2,9,6,AA,N309PC,32,13930,ORD,"Chicago, IL",10423,AUS,"Austin, TX",1200,1156,0,0,1200-1259,1447,1440,0,1400-1459,0,,167,164,977,4,,,,,,
2,5,2,AA,N108NN,33,12478,JFK,"New York, NY",12892,LAX,"Los Angeles, CA",700,841,101,1,0700-0759,1041,1214,93,1000-1059,0,,401,393,2475,10,93,0,0,0,0,
2,6,3,AA,N108NN,33,12478,JFK,"New York, NY",12892,LAX,"Los Angeles, CA",700,657,0,0,0700-0759,1041,1024,0,1000-1059,0,,401,387,2475,10,,,,,,
2,7,4,AA,N114NN,33,12478,JFK,"New York, NY",12892,LAX,"Los Angeles, CA",700,655,0,0,0700-0759,1041,1042,1,1000-1059,0,,401,407,2475,10,,,,,,
2,8,5,AA,N106NN,33,12478,JFK,"New York, NY",12892,LAX,"Los Angeles, CA",700,654,0,0,0700-0759,1041,1043,2,1000-1059,0,,401,409,2475,10,,,,,,
2,9,6,AA,N112AN,33,12478,JFK,"New York, NY",12892,LAX,"Los Angeles, CA",700,655,0,0,0700-0759,1041,1114,33,1000-1059,0,,401,439,2475,10,0,0,33,0,0,
2,10,7,AA,N116AN,33,12478,JFK,"New York, NY",12892,LAX,"Los Angeles, CA",700,655,0,0,0700-0759,1041,1041,0,1000-1059,0,,401,406,2475,10,,,,,,
2,11,1,AA,N105NN,33,12478,JFK,"New York, NY",12892,LAX,"Los Angeles, CA",700,700,0,0,0700-0759,1041,1032,0,1000-1059,0,,401,392,2475,10,,,,,,
2,12,2,AA,N101NN,33,12478,JFK,"New York, NY",12892,LAX,"Los Angeles, CA",700,652,0,0,0700-0759,1041,1012,0,1000-1059,0,,401,380,2475,10,,,,,,
2,13,3,AA,N117AN,33,12478,JFK,"New York, NY",12892,LAX,"Los Angeles, CA",700,656,0,0,0700-0759,1041,1048,7,1000-1059,0,,401,412,2475,10,,,,,,
2,14,4,AA,N103NN,33,12478,JFK,"New York, NY",12892,LAX,"Los Angeles, CA",700,657,0,0,0700-0759,1048,1054,6,1000-1059,0,,408,417,2475,10,,,,,,
2,15,5,AA,N112AN,33,12478,JFK,"New York, NY",12892,LAX,"Los Angeles, CA",700,654,0,0,0700-0759,1048,1121,33,1000-1059,0,,408,447,2475,10,0,0,33,0,0,
2,16,6,AA,N116AN,33,12478,JFK,"New York, NY",12892,LAX,"Los Angeles, CA",700,654,0,0,0700-0759,1048,1035,0,1000-1059,0,,408,401,2475,10,,,,,,
2,17,7,AA,N111ZM,33,12478,JFK,"New York, NY",12892,LAX,"Los Angeles, CA",700,658,0,0,0700-0759,1048,1025,0,1000-1059,0,,408,387,2475,10,,,,,,
2,18,1,AA,N107NN,33,12478,JFK,"New York, NY",12892,LAX,"Los Angeles, CA",700,654,0,0,0700-0759,1048,1056,8,1000-1059,0,,408,422,2475,10,,,,,,
2,19,2,AA,N104NN,33,12478,JFK,"New York, NY",12892,LAX,"Los Angeles, CA",700,651,0,0,0700-0759,1048,1025,0,1000-1059,0,,408,394,2475,10,,,,,,
2,20,3,AA,N117AN,33,12478,JFK,"New York, NY",12892,LAX,"Los Angeles, CA",700,656,0,0,0700-0759,1048,1025,0,1000-1059,0,,408,389,2475,10,,,,,,
2,21,4,AA,N111ZM,33,12478,JFK,"New York, NY",12892,LAX,"Los Angeles, CA",700,656,0,0,0700-0759,1048,1052,4,1000-1059,0,,408,416,2475,10,,,,,,
2,22,5,AA,N115NN,33,12478,JFK,"New York, NY",12892,LAX,"Los Angeles, CA",700,652,0,0,0700-0759,1048,1043,0,1000-1059,0,,408,411,2475,10,,,,,,
2,23,6,AA,N102NN,33,12478,JFK,"New York, NY",12892,LAX,"Los Angeles, CA",700,654,0,0,0700-0759,1048,1031,0,1000-1059,0,,408,397,2475,10,,,,,,
2,24,7,AA,N104NN,33,12478,JFK,"New York, NY",12892,LAX,"Los Angeles, CA",700,657,0,0,0700-0759,1048,1032,0,1000-1059,0,,408,395,2475,10,,,,,,
2,25,1,AA,N113AN,33,12478,JFK,"New York, NY",12892,LAX,"Los Angeles, CA",700,654,0,0,0700-0759,1048,1047,0,1000-1059,0,,408,413,2475,10,,,,,,
2,26,2,AA,N111ZM,33,12478,JFK,"New York, NY",12892,LAX,"Los Angeles, CA",700,733,33,1,0700-0759,1048,1103,15,1000-1059,0,,408,390,2475,10,15,0,0,0,0,
2,27,3,AA,N110AN,33,12478,JFK,"New York, NY",12892,LAX,"Los Angeles, CA",700,656,0,0,0700-0759,1048,1032,0,1000-1059,0,,408,396,2475,10,,,,,,
2,28,4,AA,N105NN,33,12478,JFK,"New York, NY",12892,LAX,"Los Angeles, CA",700,655,0,0,0700-0759,1048,1040,0,1000-1059,0,,408,405,2475,10,,,,,,
2,14,4,AA,N152AA,34,11298,DFW,"Dallas/Fort Worth, TX",12889,LAS,"Las Vegas, NV",2030,2104,34,1,2000-2059,2130,2225,55,2100-2159,0,,180,201,1055,5,34,0,21,0,0,
2,15,5,AA,N166NN,34,11298,DFW,"Dallas/Fort Worth, TX",12889,LAS,"Las Vegas, NV",2030,2028,0,0,2000-2059,2130,2138,8,2100-2159,0,,180,190,1055,5,,,,,,
2,16,6,AA,N163AA,34,11298,DFW,"Dallas/Fort Worth, TX",12889,LAS,"Las Vegas, NV",2030,2032,2,0,2000-2059,2130,2155,25,2100-2159,0,,180,203,1055,5,2,0,23,0,0,
2,17,7,AA,N157AA,34,11298,DFW,"Dallas/Fort Worth, TX",12889,LAS,"Las Vegas, NV",2030,2038,8,0,2000-2059,2130,2207,37,2100-2159,0,,180,209,1055,5,8,0,29,0,0,
2,18,1,AA,N986AN,34,11298,DFW,"Dallas/Fort Worth, TX",12889,LAS,"Las Vegas, NV",2030,2028,0,0,2000-2059,2130,2124,0,2100-2159,0,,180,176,1055,5,,,,,,
2,20,3,AA,N994AN,34,11298,DFW,"Dallas/Fort Worth, TX",12889,LAS,"Las Vegas, NV",2030,2031,1,0,2000-2059,2130,2152,22,2100-2159,0,,180,201,1055,5,1,0,21,0,0,
2,21,4,AA,N987AM,34,11298,DFW,"Dallas/Fort Worth, TX",12889,LAS,"Las Vegas, NV",2030,2039,9,0,2000-2059,2130,2130,0,2100-2159,0,,180,171,1055,5,,,,,,
2,22,5,AA,N933AM,34,11298,DFW,"Dallas/Fort Worth, TX",12889,LAS,"Las Vegas, NV",2030,2051,21,1,2000-2059,2130,2137,7,2100-2159,0,,180,166,1055,5,,,,,,
2,23,6,AA,N160AN,34,11298,DFW,"Dallas/Fort Worth, TX",12889,LAS,"Las Vegas, NV",2030,2201,91,1,2000-2059,2130,2343,133,2100-2159,0,,180,222,1055,5,0,0,101,0,32,
2,24,7,AA,N910AU,34,11298,DFW,"Dallas/Fort Worth, TX",12889,LAS,"Las Vegas, NV",2030,2045,15,1,2000-2059,2130,2134,4,2100-2159,0,,180,169,1055,5,,,,,,
2,25,1,AA,N154AA,34,11298,DFW,"Dallas/Fort Worth, TX",12889,LAS,"Las Vegas, NV",2030,2025,0,0,2000-2059,2130,2113,0,2100-2159,0,,180,168,1055,5,,,,,,
2,27,3,AA,N932AM,34,11298,DFW,"Dallas/Fort Worth, TX",12889,LAS,"Las Vegas, NV",2030,2028,0,0,2000-2059,2130,2140,10,2100-2159,0,,180,192,1055,5,,,,,,
2,28,4,AA,N147AA,34,11298,DFW,"Dallas/Fort Worth, TX",12889,LAS,"Las Vegas, NV",2030,2101,31,1,2000-2059,2130,2208,38,2100-2159,0,,180,187,1055,5,16,0,7,0,15,
2,1,5,AA,N184AN,34,11298,DFW,"Dallas/Fort Worth, TX",14100,PHL,"Philadelphia, PA",2050,2053,3,0,2000-2059,53,100,7,0001-0559,0,,183,187,1303,6,,,,,,
2,2,6,AA,N193AN,34,11298,DFW,"Dallas/Fort Worth, TX",14100,PHL,"Philadelphia, PA",2050,2143,53,1,2000-2059,53,134,41,0001-0559,0,,183,171,1303,6,41,0,0,0,0,
2,3,7,AA,N194AA,34,11298,DFW,"Dallas/Fort Worth, TX",14100,PHL,"Philadelphia, PA",2050,2044,0,0,2000-2059,53,51,0,0001-0559,0,,183,187,1303,6,,,,,,
2,4,1,AA,N186AN,34,11298,DFW,"Dallas/Fort Worth, TX",14100,PHL,"Philadelphia, PA",2050,2045,0,0,2000-2059,53,47,0,0001-0559,0,,183,182,1303,6,,,,,,
2,5,2,AA,,34,11298,DFW,"Dallas/Fort Worth, TX",14100,PHL,"Philadelphia, PA",2050,2046,0,0,2000-2059,53,40,0,0001-0559,0,,183,174,1303,6,,,,,,
2,6,3,AA,N193AN,34,11298,DFW,"Dallas/Fort Worth, TX",14100,PHL,"Philadelphia, PA",2050,2122,32,1,2000-2059,53,106,13,0001-0559,0,,183,164,1303,6,,,,,,
2,7,4,AA,N188AN,34,11298,DFW,"Dallas/Fort Worth, TX",14100,PHL,"Philadelphia, PA",2050,2110,20,1,2000-2059,53,100,7,0001-0559,0,,183,170,1303,6,,,,,,
2,8,5,AA,,34,11298,DFW,"Dallas/Fort Worth, TX",14100,PHL,"Philadelphia, PA",2050,2056,6,0,2000-2059,53,47,0,0001-0559,0,,183,171,1303,6,,,,,,
2,9,6,AA,N192AN,34,11298,DFW,"Dallas/Fort Worth, TX",14100,PHL,"Philadelphia, PA",2050,2052,2,0,2000-2059,53,51,0,0001-0559,0,,183,179,1303,6,,,,,,
2,10,7,AA,N173AN,34,11298,DFW,"Dallas/Fort Worth, TX",14100,PHL,"Philadelphia, PA",2050,2103,13,0,2000-2059,53,56,3,0001-0559,0,,183,173,1303,6,,,,,,
2,11,1,AA,N189AN,34,11298,DFW,"Dallas/Fort Worth, TX",14100,PHL,"Philadelphia, PA",2050,2113,23,1,2000-2059,53,59,6,0001-0559,0,,183,166,1303,6,,,,,,
2,12,2,AA,N188AN,34,11298,DFW,"Dallas/Fort Worth, TX",14100,PHL,"Philadelphia, PA",2050,2044,0,0,2000-2059,53,33,0,0001-0559,0,,183,169,1303,6,,,,,,
2,13,3,AA,N190AA,34,11298,DFW,"Dallas/Fort Worth, TX",14100,PHL,"Philadelphia, PA",2050,2108,18,1,2000-2059,53,101,8,0001-0559,0,,183,173,1303,6,,,,,,
2,1,5,AA,N901AA,35,11298,DFW,"Dallas/Fort Worth, TX",14683,SAT,"San Antonio, TX",1241,1237,0,0,1200-1259,1351,1338,0,1300-1359,0,,70,61,247,1,,,,,,
2,2,6,AA,N994AN,35,11298,DFW,"Dallas/Fort Worth, TX",14683,SAT,"San Antonio, TX",1241,1308,27,1,1200-1259,1351,1414,23,1300-1359,0,,70,66,247,1,21,0,0,0,2,
2,3,7,AA,N928AM,35,11298,DFW,"Dallas/Fort Worth, TX",14683,SAT,"San Antonio, TX",1241,1232,0,0,1200-1259,1351,1327,0,1300-1359,0,,70,55,247,1,,,,,,
2,4,1,AA,N146AA,35,11298,DFW,"Dallas/Fort Worth, TX",14683,SAT,"San Antonio, TX",1241,1234,0,0,1200-1259,1351,1333,0,1300-1359,0,,70,59,247,1,,,,,,
2,5,2,AA,N933AM,35,11298,DFW,"Dallas/Fort Worth, TX",14683,SAT,"San Antonio, TX",1241,1236,0,0,1200-1259,1351,1346,0,1300-1359,0,,70,70,247,1,,,,,,
2,6,3,AA,N125AA,35,11298,DFW,"Dallas/Fort Worth, TX",14683,SAT,"San Antonio, TX",1241,1239,0,0,1200-1259,1351,1355,4,1300-1359,0,,70,76,247,1,,,,,,
2,7,4,AA,N994AN,35,11298,DFW,"Dallas/Fort Worth, TX",14683,SAT,"San Antonio, TX",1241,1246,5,0,1200-1259,1351,1407,16,1300-1359,0,,70,81,247,1,5,0,11,0,0,
2,8,5,AA,N990AU,35,11298,DFW,"Dallas/Fort Worth, TX",14683,SAT,"San Antonio, TX",1241,1239,0,0,1200-1259,1351,1357,6,1300-1359,0,,70,78,247,1,,,,,,
2,9,6,AA,N137AA,35,11298,DFW,"Dallas/Fort Worth, TX",14683,SAT,"San Antonio, TX",1241,1238,0,0,1200-1259,1351,1352,1,1300-1359,0,,70,74,247,1,,,,,,
2,10,7,AA,N933AM,35,11298,DFW,"Dallas/Fort Worth, TX",14683,SAT,"San Antonio, TX",1241,1235,0,0,1200-1259,1351,1341,0,1300-1359,0,,70,66,247,1,,,,,,
2,11,1,AA,N933AM,35,11298,DFW,"Dallas/Fort Worth, TX",14683,SAT,"San Antonio, TX",1241,1240,0,0,1200-1259,1351,1348,0,1300-1359,0,,70,68,247,1,,,,,,
2,12,2,AA,N908AA,35,11298,DFW,"Dallas/Fort Worth, TX",14683,SAT,"San Antonio, TX",1241,1235,0,0,1200-1259,1351,1349,0,1300-1359,0,,70,74,247,1,,,,,,
2,13,3,AA,N149AN,35,11298,DFW,"Dallas/Fort Worth, TX",14683,SAT,"San Antonio, TX",1241,1239,0,0,1200-1259,1351,1422,31,1300-1359,0,,70,103,247,1,0,0,31,0,0,
2,14,4,AA,N158AN,35,11298,DFW,"Dallas/Fort Worth, TX",14683,SAT,"San Antonio, TX",1241,1235,0,0,1200-1259,1353,1341,0,1300-1359,0,,72,66,247,1,,,,,,
2,15,5,AA,N988AL,35,11298,DFW,"Dallas/Fort Worth, TX",14683,SAT,"San Antonio, TX",1241,1236,0,0,1200-1259,1353,1345,0,1300-1359,0,,72,69,247,1,,,,,,
2,16,6,AA,N994AN,35,11298,DFW,"Dallas/Fort Worth, TX",14683,SAT,"San Antonio, TX",1241,1240,0,0,1200-1259,1353,1352,0,1300-1359,0,,72,72,247,1,,,,,,
2,17,7,AA,N159AN,35,11298,DFW,"Dallas/Fort Worth, TX",14683,SAT,"San Antonio, TX",1241,1236,0,0,1200-1259,1353,1353,0,1300-1359,0,,72,77,247,1,,,,,,
2,18,1,AA,N158AN,35,11298,DFW,"Dallas/Fort Worth, TX",14683,SAT,"San Antonio, TX",1241,1251,10,0,1200-1259,1353,1406,13,1300-1359,0,,72,75,247,1,,,,,,
2,19,2,AA,N907AA,35,11298,DFW,"Dallas/Fort Worth, TX",14683,SAT,"San Antonio, TX",1241,1240,0,0,1200-1259,1353,1416,23,1300-1359,0,,72,96,247,1,0,0,23,0,0,
2,20,3,AA,N161AA,35,11298,DFW,"Dallas/Fort Worth, TX",14683,SAT,"San Antonio, TX",1241,1242,1,0,1200-1259,1353,1345,0,1300-1359,0,,72,63,247,1,,,,,,
2,21,4,AA,N137AA,35,11298,DFW,"Dallas/Fort Worth, TX",14683,SAT,"San Antonio, TX",1241,1416,95,1,1200-1259,1353,1525,92,1300-1359,0,,72,69,247,1,0,0,0,0,92,
2,22,5,AA,N138AN,35,11298,DFW,"Dallas/Fort Worth, TX",14683,SAT,"San Antonio, TX",1241,1248,7,0,1200-1259,1353,1357,4,1300-1359,0,,72,69,247,1,,,,,,
2,23,6,AA,N905AU,35,11298,DFW,"Dallas/Fort Worth, TX",14683,SAT,"San Antonio, TX",1241,1244,3,0,1200-1259,1353,1435,42,1300-1359,0,,72,111,247,1,0,0,39,0,3,
2,24,7,AA,N147AA,35,11298,DFW,"Dallas/Fort Worth, TX",14683,SAT,"San Antonio, TX",1241,1236,0,0,1200-1259,1353,1354,1,1300-1359,0,,72,78,247,1,,,,,,
2,25,1,AA,N161AA,35,11298,DFW,"Dallas/Fort Worth, TX",14683,SAT,"San Antonio, TX",1241,1236,0,0,1200-1259,1353,1344,0,1300-1359,0,,72,68,247,1,,,,,,
2,26,2,AA,N125AA,35,11298,DFW,"Dallas/Fort Worth, TX",14683,SAT,"San Antonio, TX",1241,1238,0,0,1200-1259,1353,1345,0,1300-1359,0,,72,67,247,1,,,,,,
2,27,3,AA,N909AM,35,11298,DFW,"Dallas/Fort Worth, TX",14683,SAT,"San Antonio, TX",1241,1244,3,0,1200-1259,1353,1357,4,1300-1359,0,,72,73,247,1,,,,,,
2,28,4,AA,N997AA,35,11298,DFW,"Dallas/Fort Worth, TX",14683,SAT,"San Antonio, TX",1241,1309,28,1,1200-1259,1353,1438,45,1300-1359,0,,72,89,247,1,28,0,17,0,0,
2,1,5,AA,N901AA,35,14683,SAT,"San Antonio, TX",11298,DFW,"Dallas/Fort Worth, TX",1444,1439,0,0,1400-1459,1555,1544,0,1500-1559,0,,71,65,247,1,,,,,,
2,2,6,AA,N994AN,35,14683,SAT,"San Antonio, TX",11298,DFW,"Dallas/Fort Worth, TX",1444,1455,11,0,1400-1459,1555,1600,5,1500-1559,0,,71,65,247,1,,,,,,
2,3,7,AA,N928AM,35,14683,SAT,"San Antonio, TX",11298,DFW,"Dallas/Fort Worth, TX",1444,1439,0,0,1400-1459,1555,1549,0,1500-1559,0,,71,70,247,1,,,,,,
2,4,1,AA,N146AA,35,14683,SAT,"San Antonio, TX",11298,DFW,"Dallas/Fort Worth, TX",1444,1438,0,0,1400-1459,1555,1554,0,1500-1559,0,,71,76,247,1,,,,,,
2,5,2,AA,N933AM,35,14683,SAT,"San Antonio, TX",11298,DFW,"Dallas/Fort Worth, TX",1444,1434,0,0,1400-1459,1555,1544,0,1500-1559,0,,71,70,247,1,,,,,,
2,6,3,AA,N125AA,35,14683,SAT,"San Antonio, TX",11298,DFW,"Dallas/Fort Worth, TX",1444,1455,11,0,1400-1459,1555,1604,9,1500-1559,0,,71,69,247,1,,,,,,
2,7,4,AA,N994AN,35,14683,SAT,"San Antonio, TX",11298,DFW,"Dallas/Fort Worth, TX",1444,1504,20,1,1400-1459,1555,1608,13,1500-1559,0,,71,64,247,1,,,,,,
2,8,5,AA,N990AU,35,14683,SAT,"San Antonio, TX",11298,DFW,"Dallas/Fort Worth, TX",1444,1449,5,0,1400-1459,1555,1558,3,1500-1559,0,,71,69,247,1,,,,,,
2,9,6,AA,N137AA,35,14683,SAT,"San Antonio, TX",11298,DFW,"Dallas/Fort Worth, TX",1444,1442,0,0,1400-1459,1555,1550,0,1500-1559,0,,71,68,247,1,,,,,,
2,10,7,AA,N933AM,35,14683,SAT,"San Antonio, TX",11298,DFW,"Dallas/Fort Worth, TX",1444,1439,0,0,1400-1459,1555,1602,7,1500-1559,0,,71,83,247,1,,,,,,
2,11,1,AA,N933AM,35,14683,SAT,"San Antonio, TX",11298,DFW,"Dallas/Fort Worth, TX",1444,1439,0,0,1400-1459,1555,1547,0,1500-1559,0,,71,68,247,1,,,,,,
2,12,2,AA,N908AA,35,14683,SAT,"San Antonio, TX",11298,DFW,"Dallas/Fort Worth, TX",1444,1439,0,0,1400-1459,1555,1545,0,1500-1559,0,,71,66,247,1,,,,,,
2,13,3,AA,N149AN,35,14683,SAT,"San Antonio, TX",11298,DFW,"Dallas/Fort Worth, TX",1444,1516,32,1,1400-1459,1555,1643,48,1500-1559,0,,71,87,247,1,0,0,20,0,28,
2,14,4,AA,N158AN,35,14683,SAT,"San Antonio, TX",11298,DFW,"Dallas/Fort Worth, TX",1444,1442,0,0,1400-1459,1555,1551,0,1500-1559,0,,71,69,247,1,,,,,,
2,15,5,AA,N988AL,35,14683,SAT,"San Antonio, TX",11298,DFW,"Dallas/Fort Worth, TX",1444,1436,0,0,1400-1459,1555,1552,0,1500-1559,0,,71,76,247,1,,,,,,
2,16,6,AA,N994AN,35,14683,SAT,"San Antonio, TX",11298,DFW,"Dallas/Fort Worth, TX",1444,1443,0,0,1400-1459,1555,1548,0,1500-1559,0,,71,65,247,1,,,,,,
2,17,7,AA,N159AN,35,14683,SAT,"San Antonio, TX",11298,DFW,"Dallas/Fort Worth, TX",1444,1444,0,0,1400-1459,1555,1544,0,1500-1559,0,,71,60,247,1,,,,,,
2,18,1,AA,N158AN,35,14683,SAT,"San Antonio, TX",11298,DFW,"Dallas/Fort Worth, TX",1444,1523,39,1,1400-1459,1555,1623,28,1500-1559,0,,71,60,247,1,19,0,0,0,9,
2,19,2,AA,N907AA,35,14683,SAT,"San Antonio, TX",11298,DFW,"Dallas/Fort Worth, TX",1444,1503,19,1,1400-1459,1555,1631,36,1500-1559,0,,71,88,247,1,0,0,17,0,19,
2,20,3,AA,N161AA,35,14683,SAT,"San Antonio, TX",11298,DFW,"Dallas/Fort Worth, TX",1444,1439,0,0,1400-1459,1555,1539,0,1500-1559,0,,71,60,247,1,,,,,,
2,21,4,AA,N137AA,35,14683,SAT,"San Antonio, TX",11298,DFW,"Dallas/Fort Worth, TX",1444,1607,83,1,1400-1459,1555,1723,88,1500-1559,0,,71,76,247,1,0,0,5,0,83,
2,22,5,AA,N138AN,35,14683,SAT,"San Antonio, TX",11298,DFW,"Dallas/Fort Worth, TX",1444,1453,9,0,1400-1459,1555,1619,24,1500-1559,0,,71,86,247,1,6,0,15,0,3,
2,23,6,AA,N905AU,35,14683,SAT,"San Antonio, TX",11298,DFW,"Dallas/Fort Worth, TX",1444,1514,30,1,1400-1459,1555,1634,39,1500-1559,0,,71,80,247,1,0,0,9,0,30,
2,24,7,AA,N147AA,35,14683,SAT,"San Antonio, TX",11298,DFW,"Dallas/Fort Worth, TX",1444,1445,1,0,1400-1459,1555,1545,0,1500-1559,0,,71,60,247,1,,,,,,
2,25,1,AA,N161AA,35,14683,SAT,"San Antonio, TX",11298,DFW,"Dallas/Fort Worth, TX",1444,1438,0,0,1400-1459,1555,1553,0,1500-1559,0,,71,75,247,1,,,,,,
2,26,2,AA,N125AA,35,14683,SAT,"San Antonio, TX",11298,DFW,"Dallas/Fort Worth, TX",1444,1437,0,0,1400-1459,1555,1549,0,1500-1559,0,,71,72,247,1,,,,,,
2,27,3,AA,N909AM,35,14683,SAT,"San Antonio, TX",11298,DFW,"Dallas/Fort Worth, TX",1444,1453,9,0,1400-1459,1555,1557,2,1500-1559,0,,71,64,247,1,,,,,,
2,28,4,AA,N997AA,35,14683,SAT,"San Antonio, TX",11298,DFW,"Dallas/Fort Worth, TX",1444,1525,41,1,1400-1459,1555,1633,38,1500-1559,0,,71,68,247,1,0,0,0,0,38,
2,14,4,AA,N200NV,40,12892,LAX,"Los Angeles, CA",14683,SAT,"San Antonio, TX",1905,2057,112,1,1900-1959,2356,146,110,2300-2359,0,,171,169,1211,5,3,0,0,0,107,
2,15,5,AA,N901NN,40,12892,LAX,"Los Angeles, CA",14683,SAT,"San Antonio, TX",1905,1902,0,0,1900-1959,2356,2343,0,2300-2359,0,,171,161,1211,5,,,,,,
2,16,6,AA,N907AN,40,12892,LAX,"Los Angeles, CA",14683,SAT,"San Antonio, TX",1905,1904,0,0,1900-1959,2356,2329,0,2300-2359,0,,171,145,1211,5,,,,,,
2,17,7,AA,N841NN,40,12892,LAX,"Los Angeles, CA",14683,SAT,"San Antonio, TX",1905,2206,181,1,1900-1959,2356,236,160,2300-2359,0,,171,150,1211,5,90,0,0,0,70,
2,18,1,AA,N874NN,40,12892,LAX,"Los Angeles, CA",14683,SAT,"San Antonio, TX",1905,1908,3,0,1900-1959,2356,2349,0,2300-2359,0,,171,161,1211,5,,,,,,
2,19,2,AA,N881NN,40,12892,LAX,"Los Angeles, CA",14683,SAT,"San Antonio, TX",1905,1859,0,0,1900-1959,2356,2341,0,2300-2359,0,,171,162,1211,5,,,,,,
2,20,3,AA,N901NN,40,12892,LAX,"Los Angeles, CA",14683,SAT,"San Antonio, TX",1905,1902,0,0,1900-1959,2356,2341,0,2300-2359,0,,171,159,1211,5,,,,,,
2,21,4,AA,N967NN,40,12892,LAX,"Los Angeles, CA",14683,SAT,"San Antonio, TX",1905,1855,0,0,1900-1959,2356,2348,0,2300-2359,0,,171,173,1211,5,,,,,,
2,22,5,AA,N939NN,40,12892,LAX,"Los Angeles, CA",14683,SAT,"San Antonio, TX",1905,1931,26,1,1900-1959,2356,13,17,2300-2359,0,,171,162,1211,5,17,0,0,0,0,
2,23,6,AA,N855NN,40,12892,LAX,"Los Angeles, CA",14683,SAT,"San Antonio, TX",1905,2053,108,1,1900-1959,2356,127,91,2300-2359,0,,171,154,1211,5,52,0,0,0,39,
2,24,7,AA,N969NN,40,12892,LAX,"Los Angeles, CA",14683,SAT,"San Antonio, TX",1905,1902,0,0,1900-1959,2356,2350,0,2300-2359,0,,171,168,1211,5,,,,,,
2,25,1,AA,N982AN,40,12892,LAX,"Los Angeles, CA",14683,SAT,"San Antonio, TX",1905,1857,0,0,1900-1959,2356,2335,0,2300-2359,0,,171,158,1211,5,,,,,,
2,26,2,AA,N848NN,40,12892,LAX,"Los Angeles, CA",14683,SAT,"San Antonio, TX",1905,1946,41,1,1900-1959,2356,19,23,2300-2359,0,,171,153,1211,5,3,0,0,0,20,
2,27,3,AA,N969NN,40,12892,LAX,"Los Angeles, CA",14683,SAT,"San Antonio, TX",1905,1915,10,0,1900-1959,2356,2353,0,2300-2359,0,,171,158,1211,5,,,,,,
2,28,4,AA,N980AN,40,12892,LAX,"Los Angeles, CA",14683,SAT,"San Antonio, TX",1905,1921,16,1,1900-1959,2356,2355,0,2300-2359,0,,171,154,1211,5,,,,,,
2,14,4,AA,N875NN,41,13930,ORD,"Chicago, IL",11618,EWR,"Newark, NJ",855,903,8,0,0800-0859,1201,1147,0,1200-1259,0,,126,104,719,3,,,,,,
2,15,5,AA,N959NN,41,13930,ORD,"Chicago, IL",11618,EWR,"Newark, NJ",855,852,0,0,0800-0859,1201,1134,0,1200-1259,0,,126,102,719,3,,,,,,
2,17,7,AA,N915AN,41,13930,ORD,"Chicago, IL",11618,EWR,"Newark, NJ",855,853,0,0,0800-0859,1201,1219,18,1200-1259,0,,126,146,719,3,0,0,18,0,0,
2,18,1,AA,N928NN,41,13930,ORD,"Chicago, IL",11618,EWR,"Newark, NJ",855,1005,70,1,0800-0859,1201,1254,53,1200-1259,0,,126,109,719,3,0,53,0,0,0,
2,19,2,AA,N973AN,41,13930,ORD,"Chicago, IL",11618,EWR,"Newark, NJ",855,855,0,0,0800-0859,1201,1153,0,1200-1259,0,,126,118,719,3,,,,,,
2,20,3,AA,N950AN,41,13930,ORD,"Chicago, IL",11618,EWR,"Newark, NJ",855,852,0,0,0800-0859,1201,1204,3,1200-1259,0,,126,132,719,3,,,,,,
2,21,4,AA,N357PV,41,13930,ORD,"Chicago, IL",11618,EWR,"Newark, NJ",855,935,40,1,0800-0859,1201,1220,19,1200-1259,0,,126,105,719,3,19,0,0,0,0,
2,22,5,AA,N961NN,41,13930,ORD,"Chicago, IL",11618,EWR,"Newark, NJ",855,853,0,0,0800-0859,1201,1145,0,1200-1259,0,,126,112,719,3,,,,,,
2,24,7,AA,N827NN,41,13930,ORD,"Chicago, IL",11618,EWR,"Newark, NJ",855,852,0,0,0800-0859,1201,1141,0,1200-1259,0,,126,109,719,3,,,,,,
2,25,1,AA,N924NN,41,13930,ORD,"Chicago, IL",11618,EWR,"Newark, NJ",855,855,0,0,0800-0859,1201,1203,2,1200-1259,0,,126,128,719,3,,,,,,
2,26,2,AA,N878NN,41,13930,ORD,"Chicago, IL",11618,EWR,"Newark, NJ",855,919,24,1,0800-0859,1201,1220,19,1200-1259,0,,126,121,719,3,8,11,0,0,0,
2,27,3,AA,N967AN,41,13930,ORD,"Chicago, IL",11618,EWR,"Newark, NJ",855,909,14,0,0800-0859,1201,1212,11,1200-1259,0,,126,123,719,3,,,,,,
2,28,4,AA,N916NN,41,13930,ORD,"Chicago, IL",11618,EWR,"Newark, NJ",855,848,0,0,0800-0859,1201,1140,0,1200-1259,0,,126,112,719,3,,,,,,
2,1,5,AA,N113AN,42,12478,JFK,"New York, NY",12892,LAX,"Los Angeles, CA",900,903,3,0,0900-0959,1238,1215,0,1200-1259,0,,398,372,2475,10,,,,,,
2,2,6,AA,N114NN,42,12478,JFK,"New York, NY",12892,LAX,"Los Angeles, CA",900,900,0,0,0900-0959,1238,1229,0,1200-1259,0,,398,389,2475,10,,,,,,
2,3,7,AA,N116AN,42,12478,JFK,"New York, NY",12892,LAX,"Los Angeles, CA",900,900,0,0,0900-0959,1238,1152,0,1200-1259,0,,398,352,2475,10,,,,,,
2,4,1,AA,N110AN,42,12478,JFK,"New York, NY",12892,LAX,"Los Angeles, CA",900,853,0,0,0900-0959,1238,1213,0,1200-1259,0,,398,380,2475,10,,,,,,
2,5,2,AA,N103NN,42,12478,JFK,"New York, NY",12892,LAX,"Los Angeles, CA",900,856,0,0,0900-0959,1238,1219,0,1200-1259,0,,398,383,2475,10,,,,,,
2,6,3,AA,N105NN,42,12478,JFK,"New York, NY",12892,LAX,"Los Angeles, CA",900,852,0,0,0900-0959,1238,1227,0,1200-1259,0,,398,395,2475,10,,,,,,
2,7,4,AA,N107NN,42,12478,JFK,"New York, NY",12892,LAX,"Los Angeles, CA",900,856,0,0,0900-0959,1238,1220,0,1200-1259,0,,398,384,2475,10,,,,,,
2,8,5,AA,N113AN,42,12478,JFK,"New York, NY",12892,LAX,"Los Angeles, CA",900,855,0,0,0900-0959,1238,1222,0,1200-1259,0,,398,387,2475,10,,,,,,
2,9,6,AA,N114NN,42,12478,JFK,"New York, NY",12892,LAX,"Los Angeles, CA",900,858,0,0,0900-0959,1238,1308,30,1200-1259,0,,398,430,2475,10,0,0,30,0,0,
2,10,7,AA,N108NN,42,12478,JFK,"New York, NY",12892,LAX,"Los Angeles, CA",900,921,21,1,0900-0959,1238,1307,29,1200-1259,0,,398,406,2475,10,21,0,8,0,0,
2,11,1,AA,N113AN,42,12478,JFK,"New York, NY",12892,LAX,"Los Angeles, CA",900,854,0,0,0900-0959,1238,1215,0,1200-1259,0,,398,381,2475,10,,,,,,
2,12,2,AA,N112AN,42,12478,JFK,"New York, NY",12892,LAX,"Los Angeles, CA",900,851,0,0,0900-0959,1238,1214,0,1200-1259,0,,398,383,2475,10,,,,,,
2,13,3,AA,N112AN,42,12478,JFK,"New York, NY",12892,LAX,"Los Angeles, CA",900,851,0,0,0900-0959,1238,1231,0,1200-1259,0,,398,400,2475,10,,,,,,
2,14,4,AA,N947AN,42,15376,TUS,"Tucson, AZ",11298,DFW,"Dallas/Fort Worth, TX",941,938,0,0,0900-0959,1255,1252,0,1200-1259,0,,134,134,813,4,,,,,,
2,15,5,AA,N818NN,42,15376,TUS,"Tucson, AZ",11298,DFW,"Dallas/Fort Worth, TX",941,935,0,0,0900-0959,1255,1228,0,1200-1259,0,,134,113,813,4,,,,,,
2,16,6,AA,N864NN,42,15376,TUS,"Tucson, AZ",11298,DFW,"Dallas/Fort Worth, TX",941,940,0,0,0900-0959,1255,1255,0,1200-1259,0,,134,135,813,4,,,,,,
2,17,7,AA,N840NN,42,15376,TUS,"Tucson, AZ",11298,DFW,"Dallas/Fort Worth, TX",941,940,0,0,0900-0959,1255,1232,0,1200-1259,0,,134,112,813,4,,,,,,
2,18,1,AA,N829NN,42,15376,TUS,"Tucson, AZ",11298,DFW,"Dallas/Fort Worth, TX",941,935,0,0,0900-0959,1255,1229,0,1200-1259,0,,134,114,813,4,,,,,,
2,19,2,AA,N983NN,42,15376,TUS,"Tucson, AZ",11298,DFW,"Dallas/Fort Worth, TX",941,944,3,0,0900-0959,1255,1250,0,1200-1259,0,,134,126,813,4,,,,,,
2,20,3,AA,N826NN,42,15376,TUS,"Tucson, AZ",11298,DFW,"Dallas/Fort Worth, TX",941,937,0,0,0900-0959,1255,1231,0,1200-1259,0,,134,114,813,4,,,,,,
2,21,4,AA,N841NN,42,15376,TUS,"Tucson, AZ",11298,DFW,"Dallas/Fort Worth, TX",941,1108,87,1,0900-0959,1255,1404,69,1200-1259,0,,134,116,813,4,69,0,0,0,0,
2,22,5,AA,N820NN,42,15376,TUS,"Tucson, AZ",11298,DFW,"Dallas/Fort Worth, TX",941,1441,300,1,0900-0959,1255,1829,334,1200-1259,0,,134,168,813,4,0,300,34,0,0,
2,23,6,AA,N912NN,42,15376,TUS,"Tucson, AZ",11298,DFW,"Dallas/Fort Worth, TX",941,946,5,0,0900-0959,1255,1254,0,1200-1259,0,,134,128,813,4,,,,,,
2,24,7,AA,N811NN,42,15376,TUS,"Tucson, AZ",11298,DFW,"Dallas/Fort Worth, TX",941,935,0,0,0900-0959,1255,1235,0,1200-1259,0,,134,120,813,4,,,,,,
2,25,1,AA,N952NN,42,15376,TUS,"Tucson, AZ",11298,DFW,"Dallas/Fort Worth, TX",941,944,3,0,0900-0959,1255,1255,0,1200-1259,0,,134,131,813,4,,,,,,
2,26,2,AA,N860NN,42,15376,TUS,"Tucson, AZ",11298,DFW,"Dallas/Fort Worth, TX",941,941,0,0,0900-0959,1255,1249,0,1200-1259,0,,134,128,813,4,,,,,,
2,27,3,AA,N863NN,42,15376,TUS,"Tucson, AZ",11298,DFW,"Dallas/Fort Worth, TX",941,936,0,0,0900-0959,1255,1239,0,1200-1259,0,,134,123,813,4,,,,,,
2,28,4,AA,N940AN,42,15376,TUS,"Tucson, AZ",11298,DFW,"Dallas/Fort Worth, TX",941,1415,274,1,0900-0959,1255,1715,260,1200-1259,0,,134,120,813,4,260,0,0,0,0,
2,14,4,AA,N308RD,43,13303,MIA,"Miami, FL",12953,LGA,"New York, NY",1832,1830,0,0,1800-1859,2129,2130,1,2100-2159,0,,177,180,1096,5,,,,,,
2,15,5,AA,N306RC,43,13303,MIA,"Miami, FL",12953,LGA,"New York, NY",1832,1840,8,0,1800-1859,2129,2137,8,2100-2159,0,,177,177,1096,5,,,,,,
2,16,6,AA,N326RP,43,13303,MIA,"Miami, FL",12953,LGA,"New York, NY",1832,1830,0,0,1800-1859,2129,2124,0,2100-2159,0,,177,174,1096,5,,,,,,
2,17,7,AA,N328RR,43,13303,MIA,"Miami, FL",12953,LGA,"New York, NY",1832,1827,0,0,1800-1859,2129,2122,0,2100-2159,0,,177,175,1096,5,,,,,,
2,18,1,AA,N342RX,43,13303,MIA,"Miami, FL",12953,LGA,"New York, NY",1832,1827,0,0,1800-1859,2129,2143,14,2100-2159,0,,177,196,1096,5,,,,,,
2,19,2,AA,N341RW,43,13303,MIA,"Miami, FL",12953,LGA,"New York, NY",1832,1829,0,0,1800-1859,2129,2112,0,2100-2159,0,,177,163,1096,5,,,,,,
2,20,3,AA,N323RM,43,13303,MIA,"Miami, FL",12953,LGA,"New York, NY",1832,1829,0,0,1800-1859,2129,2117,0,2100-2159,0,,177,168,1096,5,,,,,,
2,21,4,AA,N350RV,43,13303,MIA,"Miami, FL",12953,LGA,"New York, NY",1832,1831,0,0,1800-1859,2129,2138,9,2100-2159,0,,177,187,1096,5,,,,,,
2,22,5,AA,N303RG,43,13303,MIA,"Miami, FL",12953,LGA,"New York, NY",1832,1840,8,0,1800-1859,2129,2123,0,2100-2159,0,,177,163,1096,5,,,,,,
2,23,6,AA,N812NN,43,13303,MIA,"Miami, FL",12953,LGA,"New York, NY",1832,1921,49,1,1800-1859,2129,2204,35,2100-2159,0,,177,163,1096,5,35,0,0,0,0,
2,24,7,AA,N338RS,43,13303,MIA,"Miami, FL",12953,LGA,"New York, NY",1832,1828,0,0,1800-1859,2129,2148,19,2100-2159,0,,177,200,1096,5,0,0,19,0,0,
2,25,1,AA,N306RC,43,13303,MIA,"Miami, FL",12953,LGA,"New York, NY",1832,1859,27,1,1800-1859,2129,2239,70,2100-2159,0,,177,220,1096,5,0,0,70,0,0,
2,26,2,AA,N336RU,43,13303,MIA,"Miami, FL",12953,LGA,"New York, NY",1832,1844,12,0,1800-1859,2129,2137,8,2100-2159,0,,177,173,1096,5,,,,,,
2,27,3,AA,N316RK,43,13303,MIA,"Miami, FL",12953,LGA,"New York, NY",1832,1832,0,0,1800-1859,2129,2129,0,2100-2159,0,,177,177,1096,5,,,,,,
2,28,4,AA,N304RB,43,13303,MIA,"Miami, FL",12953,LGA,"New York, NY",1832,1935,63,1,1800-1859,2129,2228,59,2100-2159,0,,177,173,1096,5,59,0,0,0,0,
2,1,5,AA,N855NN,52,13930,ORD,"Chicago, IL",12478,JFK,"New York, NY",1545,1544,0,0,1500-1559,1900,1856,0,1900-1959,0,,135,132,740,3,,,,,,
2,3,7,AA,N940NN,52,13930,ORD,"Chicago, IL",12478,JFK,"New York, NY",1545,1544,0,0,1500-1559,1900,1852,0,1900-1959,0,,135,128,740,3,,,,,,
2,4,1,AA,N822NN,52,13930,ORD,"Chicago, IL",12478,JFK,"New York, NY",1545,1540,0,0,1500-1559,1900,1841,0,1900-1959,0,,135,121,740,3,,,,,,
2,5,2,AA,N957NN,52,13930,ORD,"Chicago, IL",12478,JFK,"New York, NY",1545,1542,0,0,1500-1559,1900,1851,0,1900-1959,0,,135,129,740,3,,,,,,
2,6,3,AA,N975AN,52,13930,ORD,"Chicago, IL",12478,JFK,"New York, NY",1545,1540,0,0,1500-1559,1900,1839,0,1900-1959,0,,135,119,740,3,,,,,,
2,7,4,AA,N939AN,52,13930,ORD,"Chicago, IL",12478,JFK,"New York, NY",1545,1539,0,0,1500-1559,1900,1844,0,1900-1959,0,,135,125,740,3,,,,,,
2,8,5,AA,N914AN,52,13930,ORD,"Chicago, IL",12478,JFK,"New York, NY",1545,1544,0,0,1500-1559,1900,1841,0,1900-1959,0,,135,117,740,3,,,,,,
2,10,7,AA,N901NN,52,13930,ORD,"Chicago, IL",12478,JFK,"New York, NY",1545,1559,14,0,1500-1559,1900,1903,3,1900-1959,0,,135,124,740,3,,,,,,
2,11,1,AA,N980AN,52,13930,ORD,"Chicago, IL",12478,JFK,"New York, NY",1545,1537,0,0,1500-1559,1900,1833,0,1900-1959,0,,135,116,740,3,,,,,,
2,12,2,AA,N922NN,52,13930,ORD,"Chicago, IL",12478,JFK,"New York, NY",1545,,,,1500-1559,1900,,,1900-1959,1,B,135,,740,3,,,,,,
2,13,3,AA,N945AN,52,13930,ORD,"Chicago, IL",12478,JFK,"New York, NY",1545,1537,0,0,1500-1559,1900,1834,0,1900-1959,0,,135,117,740,3,,,,,,
2,14,4,AA,N855NN,52,13930,ORD,"Chicago, IL",12478,JFK,"New York, NY",1545,1538,0,0,1500-1559,1900,1913,13,1900-1959,0,,135,155,740,3,,,,,,
2,15,5,AA,N904AN,52,13930,ORD,"Chicago, IL",12478,JFK,"New York, NY",1545,1601,16,1,1500-1559,1900,1906,6,1900-1959,0,,135,125,740,3,,,,,,
2,17,7,AA,N971AN,52,13930,ORD,"Chicago, IL",12478,JFK,"New York, NY",1545,1610,25,1,1500-1559,1900,1914,14,1900-1959,0,,135,124,740,3,,,,,,
2,18,1,AA,N917NN,52,13930,ORD,"Chicago, IL",12478,JFK,"New York, NY",1545,1615,30,1,1500-1559,1900,1922,22,1900-1959,0,,135,127,740,3,4,0,0,0,18,
2,19,2,AA,N950AN,52,13930,ORD,"Chicago, IL",12478,JFK,"New York, NY",1545,1609,24,1,1500-1559,1900,1905,5,1900-1959,0,,135,116,740,3,,,,,,
2,20,3,AA,N969AN,52,13930,ORD,"Chicago, IL",12478,JFK,"New York, NY",1545,,,,1500-1559,1900,,,1900-1959,1,B,135,,740,3,,,,,,
2,21,4,AA,N947NN,52,13930,ORD,"Chicago, IL",12478,JFK,"New York, NY",1545,1608,23,1,1500-1559,1900,1918,18,1900-1959,0,,135,130,740,3,9,0,0,0,9,
2,22,5,AA,N917AN,52,13930,ORD,"Chicago, IL",12478,JFK,"New York, NY",1545,1554,9,0,1500-1559,1900,1900,0,1900-1959,0,,135,126,740,3,,,,,,
2,24,7,AA,N967AN,52,13930,ORD,"Chicago, IL",12478,JFK,"New York, NY",1545,1636,51,1,1500-1559,1900,1950,50,1900-1959,0,,135,134,740,3,48,0,0,0,2,
2,25,1,AA,N830NN,52,13930,ORD,"Chicago, IL",12478,JFK,"New York, NY",1545,1625,40,1,1500-1559,1900,1928,28,1900-1959,0,,135,123,740,3,28,0,0,0,0,
2,26,2,AA,N956AN,52,13930,ORD,"Chicago, IL",12478,JFK,"New York, NY",1545,1540,0,0,1500-1559,1900,1842,0,1900-1959,0,,135,122,740,3,,,,,,
2,27,3,AA,N902NN,52,13930,ORD,"Chicago, IL",12478,JFK,"New York, NY",1545,1538,0,0,1500-1559,1900,1828,0,1900-1959,0,,135,110,740,3,,,,,,
2,28,4,AA,N847NN,52,13930,ORD,"Chicago, IL",12478,JFK,"New York, NY",1545,1624,39,1,1500-1559,1900,1927,27,1900-1959,0,,135,123,740,3,0,0,0,0,27,
2,5,2,AA,N105NN,53,12478,JFK,"New York, NY",12892,LAX,"Los Angeles, CA",1620,1617,0,0,1600-1659,1953,2011,18,1900-1959,0,,393,414,2475,10,0,0,18,0,0,
2,6,3,AA,N114NN,53,12478,JFK,"New York, NY",12892,LAX,"Los Angeles, CA",1620,1614,0,0,1600-1659,1953,1922,0,1900-1959,0,,393,368,2475,10,,,,,,
2,7,4,AA,N103NN,53,12478,JFK,"New York, NY",12892,LAX,"Los Angeles, CA",1620,1627,7,0,1600-1659,1953,1940,0,1900-1959,0,,393,373,2475,10,,,,,,
2,8,5,AA,N105NN,53,12478,JFK,"New York, NY",12892,LAX,"Los Angeles, CA",1620,1616,0,0,1600-1659,1953,2039,46,1900-1959,0,,393,443,2475,10,0,0,46,0,0,
2,9,6,AA,N108NN,53,12478,JFK,"New York, NY",12892,LAX,"Los Angeles, CA",1620,1617,0,0,1600-1659,1953,2018,25,1900-1959,0,,393,421,2475,10,0,0,25,0,0,
2,10,7,AA,N109NN,53,12478,JFK,"New York, NY",12892,LAX,"Los Angeles, CA",1620,1617,0,0,1600-1659,1953,2003,10,1900-1959,0,,393,406,2475,10,,,,,,
2,11,1,AA,N110AN,53,12478,JFK,"New York, NY",12892,LAX,"Los Angeles, CA",1620,1656,36,1,1600-1659,1953,2006,13,1900-1959,0,,393,370,2475,10,,,,,,
2,12,2,AA,N105NN,53,12478,JFK,"New York, NY",12892,LAX,"Los Angeles, CA",1620,1622,2,0,1600-1659,1953,1951,0,1900-1959,0,,393,389,2475,10,,,,,,
2,13,3,AA,N104NN,53,12478,JFK,"New York, NY",12892,LAX,"Los Angeles, CA",1620,1617,0,0,1600-1659,1953,2008,15,1900-1959,0,,393,411,2475,10,0,0,15,0,0,
2,14,4,AA,N107NN,53,12478,JFK,"New York, NY",12892,LAX,"Los Angeles, CA",1615,1634,19,1,1600-1659,1955,2026,31,1900-1959,0,,400,412,2475,10,7,0,12,0,12,
2,15,5,AA,N111ZM,53,12478,JFK,"New York, NY",12892,LAX,"Los Angeles, CA",1615,1610,0,0,1600-1659,1955,1959,4,1900-1959,0,,400,409,2475,10,,,,,,
2,16,6,AA,N101NN,53,12478,JFK,"New York, NY",12892,LAX,"Los Angeles, CA",1615,1611,0,0,1600-1659,1955,1937,0,1900-1959,0,,400,386,2475,10,,,,,,
2,17,7,AA,N102NN,53,12478,JFK,"New York, NY",12892,LAX,"Los Angeles, CA",1615,1610,0,0,1600-1659,1955,1951,0,1900-1959,0,,400,401,2475,10,,,,,,
2,18,1,AA,N101NN,53,12478,JFK,"New York, NY",12892,LAX,"Los Angeles, CA",1615,1608,0,0,1600-1659,1955,1950,0,1900-1959,0,,400,402,2475,10,,,,,,
2,19,2,AA,N106NN,53,12478,JFK,"New York, NY",12892,LAX,"Los Angeles, CA",1615,1627,12,0,1600-1659,1955,1954,0,1900-1959,0,,400,387,2475,10,,,,,,
2,20,3,AA,N113AN,53,12478,JFK,"New York, NY",12892,LAX,"Los Angeles, CA",1615,1637,22,1,1600-1659,1955,2105,70,1900-1959,0,,400,448,2475,10,0,22,48,0,0,
2,21,4,AA,N107NN,53,12478,JFK,"New York, NY",12892,LAX,"Los Angeles, CA",1615,1608,0,0,1600-1659,1955,2017,22,1900-1959,0,,400,429,2475,10,0,0,22,0,0,
2,22,5,AA,N117AN,53,12478,JFK,"New York, NY",12892,LAX,"Los Angeles, CA",1615,1627,12,0,1600-1659,1955,1939,0,1900-1959,0,,400,372,2475,10,,,,,,
2,23,6,AA,N113AN,53,12478,JFK,"New York, NY",12892,LAX,"Los Angeles, CA",1615,1611,0,0,1600-1659,1955,2010,15,1900-1959,0,,400,419,2475,10,0,0,15,0,0,
2,24,7,AA,N101NN,53,12478,JFK,"New York, NY",12892,LAX,"Los Angeles, CA",1615,1609,0,0,1600-1659,1955,1942,0,1900-1959,0,,400,393,2475,10,,,,,,
2,25,1,AA,N116AN,53,12478,JFK,"New York, NY",12892,LAX,"Los Angeles, CA",1615,1609,0,0,1600-1659,1955,1939,0,1900-1959,0,,400,390,2475,10,,,,,,
2,26,2,AA,N115NN,53,12478,JFK,"New York, NY",12892,LAX,"Los Angeles, CA",1615,1611,0,0,1600-1659,1955,2000,5,1900-1959,0,,400,409,2475,10,,,,,,
2,27,3,AA,N103NN,53,12478,JFK,"New York, NY",12892,LAX,"Los Angeles, CA",1615,1616,1,0,1600-1659,1955,1930,0,1900-1959,0,,400,374,2475,10,,,,,,
2,28,4,AA,N110AN,53,12478,JFK,"New York, NY",12892,LAX,"Los Angeles, CA",1615,1632,17,1,1600-1659,1955,1958,3,1900-1959,0,,400,386,2475,10,,,,,,
2,1,5,AA,N9021H,54,11503,EGE,"Eagle, CO",11298,DFW,"Dallas/Fort Worth, TX",809,756,0,0,0800-0859,1130,1130,0,1100-1159,0,,141,154,721,3,,,,,,
2,2,6,AA,N9011P,54,11503,EGE,"Eagle, CO",11298,DFW,"Dallas/Fort Worth, TX",809,807,0,0,0800-0859,1130,1128,0,1100-1159,0,,141,141,721,3,,,,,,
2,3,7,AA,N3014R,54,11503,EGE,"Eagle, CO",11298,DFW,"Dallas/Fort Worth, TX",809,802,0,0,0800-0859,1130,1132,2,1100-1159,0,,141,150,721,3,,,,,,
2,4,1,AA,N8030F,54,11503,EGE,"Eagle, CO",11298,DFW,"Dallas/Fort Worth, TX",809,810,1,0,0800-0859,1130,1132,2,1100-1159,0,,141,142,721,3,,,,,,
2,5,2,AA,N93003,54,11503,EGE,"Eagle, CO",11298,DFW,"Dallas/Fort Worth, TX",809,1124,195,1,0800-0859,1130,1418,168,1100-1159,0,,141,114,721,3,0,0,0,0,168,
2,6,3,AA,N8009T,54,11503,EGE,"Eagle, CO",11298,DFW,"Dallas/Fort Worth, TX",809,818,9,0,0800-0859,1130,1300,90,1100-1159,0,,141,222,721,3,0,9,81,0,0,
2,7,4,AA,N3014R,54,11503,EGE,"Eagle, CO",11298,DFW,"Dallas/Fort Worth, TX",809,801,0,0,0800-0859,1130,1131,1,1100-1159,0,,141,150,721,3,,,,,,
2,8,5,AA,N12028,54,11503,EGE,"Eagle, CO",11298,DFW,"Dallas/Fort Worth, TX",809,759,0,0,0800-0859,1130,1143,13,1100-1159,0,,141,164,721,3,,,,,,
2,9,6,AA,N3014R,54,11503,EGE,"Eagle, CO",11298,DFW,"Dallas/Fort Worth, TX",809,802,0,0,0800-0859,1130,1133,3,1100-1159,0,,141,151,721,3,,,,,,
2,10,7,AA,N9012,54,11503,EGE,"Eagle, CO",11298,DFW,"Dallas/Fort Worth, TX",809,812,3,0,0800-0859,1130,1137,7,1100-1159,0,,141,145,721,3,,,,,,
2,11,1,AA,N9029F,54,11503,EGE,"Eagle, CO",11298,DFW,"Dallas/Fort Worth, TX",809,801,0,0,0800-0859,1130,1108,0,1100-1159,0,,141,127,721,3,,,,,,
2,12,2,AA,N8009T,54,11503,EGE,"Eagle, CO",11298,DFW,"Dallas/Fort Worth, TX",809,757,0,0,0800-0859,1130,1125,0,1100-1159,0,,141,148,721,3,,,,,,
2,13,3,AA,N93003,54,11503,EGE,"Eagle, CO",11298,DFW,"Dallas/Fort Worth, TX",809,758,0,0,0800-0859,1130,1110,0,1100-1159,0,,141,132,721,3,,,,,,
2,14,4,AA,N173AN,54,13303,MIA,"Miami, FL",12889,LAS,"Las Vegas, NV",1750,1852,62,1,1700-1759,2026,2149,83,2000-2059,0,,336,357,2174,9,0,0,73,0,10,
2,15,5,AA,,54,13303,MIA,"Miami, FL",12889,LAS,"Las Vegas, NV",1750,1813,23,1,1700-1759,2026,2116,50,2000-2059,0,,336,363,2174,9,23,0,27,0,0,
2,16,6,AA,N194AA,54,13303,MIA,"Miami, FL",12889,LAS,"Las Vegas, NV",1750,2057,187,1,1700-1759,2026,2332,186,2000-2059,0,,336,335,2174,9,141,0,45,0,0,
2,17,7,AA,N199AN,54,13303,MIA,"Miami, FL",12889,LAS,"Las Vegas, NV",1750,1756,6,0,1700-1759,2026,2103,37,2000-2059,0,,336,367,2174,9,6,0,31,0,0,
2,18,1,AA,N692AA,54,13303,MIA,"Miami, FL",12889,LAS,"Las Vegas, NV",1750,1759,9,0,1700-1759,2026,2047,21,2000-2059,0,,336,348,2174,9,9,0,12,0,0,
2,19,2,AA,,54,13303,MIA,"Miami, FL",12889,LAS,"Las Vegas, NV",1750,1748,0,0,1700-1759,2026,2023,0,2000-2059,0,,336,335,2174,9,,,,,,
2,20,3,AA,N197AN,54,13303,MIA,"Miami, FL",12889,LAS,"Las Vegas, NV",1750,1744,0,0,1700-1759,2026,2013,0,2000-2059,0,,336,329,2174,9,,,,,,
2,21,4,AA,N189AN,54,13303,MIA,"Miami, FL",12889,LAS,"Las Vegas, NV",1750,1821,31,1,1700-1759,2026,2047,21,2000-2059,0,,336,326,2174,9,0,0,0,0,21,
2,22,5,AA,N190AA,54,13303,MIA,"Miami, FL",12889,LAS,"Las Vegas, NV",1750,1750,0,0,1700-1759,2026,1958,0,2000-2059,0,,336,308,2174,9,,,,,,
2,23,6,AA,,54,13303,MIA,"Miami, FL",12889,LAS,"Las Vegas, NV",1750,1746,0,0,1700-1759,2026,2013,0,2000-2059,0,,336,327,2174,9,,,,,,
2,24,7,AA,N183AN,54,13303,MIA,"Miami, FL",12889,LAS,"Las Vegas, NV",1750,1804,14,0,1700-1759,2026,2034,8,2000-2059,0,,336,330,2174,9,,,,,,
2,25,1,AA,N197AN,54,13303,MIA,"Miami, FL",12889,LAS,"Las Vegas, NV",1750,1746,0,0,1700-1759,2026,2011,0,2000-2059,0,,336,325,2174,9,,,,,,
2,26,2,AA,N199AN,54,13303,MIA,"Miami, FL",12889,LAS,"Las Vegas, NV",1750,1744,0,0,1700-1759,2026,2023,0,2000-2059,0,,336,339,2174,9,,,,,,
2,27,3,AA,N185AN,54,13303,MIA,"Miami, FL",12889,LAS,"Las Vegas, NV",1750,1746,0,0,1700-1759,2026,2035,9,2000-2059,0,,336,349,2174,9,,,,,,
2,28,4,AA,N190AA,54,13303,MIA,"Miami, FL",12889,LAS,"Las Vegas, NV",1750,1853,63,1,1700-1759,2026,2130,64,2000-2059,0,,336,337,2174,9,26,0,1,0,37,
2,1,5,AA,N958NN,55,13930,ORD,"Chicago, IL",11057,CLT,"Charlotte, NC",1659,1722,23,1,1600-1659,1954,2001,7,1900-1959,0,,115,99,599,3,,,,,,
2,2,6,AA,N354PT,55,13930,ORD,"Chicago, IL",11057,CLT,"Charlotte, NC",1659,1654,0,0,1600-1659,1954,1936,0,1900-1959,0,,115,102,599,3,,,,,,
2,3,7,AA,N949NN,55,13930,ORD,"Chicago, IL",11057,CLT,"Charlotte, NC",1659,1652,0,0,1600-1659,1954,1934,0,1900-1959,0,,115,102,599,3,,,,,,
2,4,1,AA,N940NN,55,13930,ORD,"Chicago, IL",11057,CLT,"Charlotte, NC",1659,1709,10,0,1600-1659,1954,1945,0,1900-1959,0,,115,96,599,3,,,,,,
2,5,2,AA,N941NN,55,13930,ORD,"Chicago, IL",11057,CLT,"Charlotte, NC",1659,1651,0,0,1600-1659,1954,1942,0,1900-1959,0,,115,111,599,3,,,,,,
2,6,3,AA,N976NN,55,13930,ORD,"Chicago, IL",11057,CLT,"Charlotte, NC",1659,1720,21,1,1600-1659,1954,1957,3,1900-1959,0,,115,97,599,3,,,,,,
2,7,4,AA,N975AN,55,13930,ORD,"Chicago, IL",11057,CLT,"Charlotte, NC",1659,1657,0,0,1600-1659,1954,1938,0,1900-1959,0,,115,101,599,3,,,,,,
2,8,5,AA,N343PN,55,13930,ORD,"Chicago, IL",11057,CLT,"Charlotte, NC",1659,1659,0,0,1600-1659,1954,1940,0,1900-1959,0,,115,101,599,3,,,,,,
2,9,6,AA,N925AN,55,13930,ORD,"Chicago, IL",11057,CLT,"Charlotte, NC",1659,1654,0,0,1600-1659,1954,1935,0,1900-1959,0,,115,101,599,3,,,,,,
2,10,7,AA,N966NN,55,13930,ORD,"Chicago, IL",11057,CLT,"Charlotte, NC",1659,1808,69,1,1600-1659,1954,2051,57,1900-1959,0,,115,103,599,3,45,12,0,0,0,
2,11,1,AA,N969NN,55,13930,ORD,"Chicago, IL",11057,CLT,"Charlotte, NC",1659,1734,35,1,1600-1659,1954,2027,33,1900-1959,0,,115,113,599,3,31,0,0,0,2,
2,12,2,AA,N358PW,55,13930,ORD,"Chicago, IL",11057,CLT,"Charlotte, NC",1659,1706,7,0,1600-1659,1954,1957,3,1900-1959,0,,115,111,599,3,,,,,,
2,13,3,AA,N909NN,55,13930,ORD,"Chicago, IL",11057,CLT,"Charlotte, NC",1659,1705,6,0,1600-1659,1954,1937,0,1900-1959,0,,115,92,599,3,,,,,,
2,14,4,AA,N917NN,55,13930,ORD,"Chicago, IL",11057,CLT,"Charlotte, NC",1704,1710,6,0,1700-1759,2000,1955,0,2000-2059,0,,116,105,599,3,,,,,,
2,15,5,AA,N938NN,55,13930,ORD,"Chicago, IL",11057,CLT,"Charlotte, NC",1704,1704,0,0,1700-1759,2000,1942,0,2000-2059,0,,116,98,599,3,,,,,,
2,16,6,AA,N925NN,55,13930,ORD,"Chicago, IL",11057,CLT,"Charlotte, NC",1704,1719,15,1,1700-1759,2000,2000,0,2000-2059,0,,116,101,599,3,,,,,,
2,17,7,AA,N946NN,55,13930,ORD,"Chicago, IL",11057,CLT,"Charlotte, NC",1704,1921,137,1,1700-1759,2000,2230,150,2000-2059,0,,116,129,599,3,0,21,13,0,116,
2,18,1,AA,N935NN,55,13930,ORD,"Chicago, IL",11057,CLT,"Charlotte, NC",1704,1901,117,1,1700-1759,2000,2147,107,2000-2059,0,,116,106,599,3,107,0,0,0,0,
2,19,2,AA,N961NN,55,13930,ORD,"Chicago, IL",11057,CLT,"Charlotte, NC",1704,1740,36,1,1700-1759,2000,2032,32,2000-2059,0,,116,112,599,3,0,0,32,0,0,
2,20,3,AA,N914NN,55,13930,ORD,"Chicago, IL",11057,CLT,"Charlotte, NC",1704,1726,22,1,1700-1759,2000,2020,20,2000-2059,0,,116,114,599,3,20,0,0,0,0,
2,21,4,AA,N969NN,55,13930,ORD,"Chicago, IL",11057,CLT,"Charlotte, NC",1704,1702,0,0,1700-1759,2000,1944,0,2000-2059,0,,116,102,599,3,,,,,,
2,22,5,AA,N979NN,55,13930,ORD,"Chicago, IL",11057,CLT,"Charlotte, NC",1704,1811,67,1,1700-1759,2000,2117,77,2000-2059,0,,116,126,599,3,67,0,10,0,0,
2,23,6,AA,N940NN,55,13930,ORD,"Chicago, IL",11057,CLT,"Charlotte, NC",1704,1700,0,0,1700-1759,2000,1954,0,2000-2059,0,,116,114,599,3,,,,,,
2,24,7,AA,N961NN,55,13930,ORD,"Chicago, IL",11057,CLT,"Charlotte, NC",1704,1705,1,0,1700-1759,2000,2007,7,2000-2059,0,,116,122,599,3,,,,,,
2,25,1,AA,N842NN,55,13930,ORD,"Chicago, IL",11057,CLT,"Charlotte, NC",1704,1702,0,0,1700-1759,2000,2003,3,2000-2059,0,,116,121,599,3,,,,,,
2,26,2,AA,N915NN,55,13930,ORD,"Chicago, IL",11057,CLT,"Charlotte, NC",1704,1714,10,0,1700-1759,2000,1954,0,2000-2059,0,,116,100,599,3,,,,,,
2,27,3,AA,N864NN,55,13930,ORD,"Chicago, IL",11057,CLT,"Charlotte, NC",1704,1700,0,0,1700-1759,2000,1933,0,2000-2059,0,,116,93,599,3,,,,,,
2,28,4,AA,N917AN,55,13930,ORD,"Chicago, IL",11057,CLT,"Charlotte, NC",1704,1703,0,0,1700-1759,2000,2003,3,2000-2059,0,,116,120,599,3,,,,,,
2,14,4,AA,N844NN,56,11057,CLT,"Charlotte, NC",11697,FLL,"Fort Lauderdale, FL",1150,1145,0,0,1100-1159,1358,1359,1,1300-1359,0,,128,134,632,3,,,,,,
2,15,5,AA,N964NN,56,11057,CLT,"Charlotte, NC",11697,FLL,"Fort Lauderdale, FL",1150,1149,0,0,1100-1159,1358,1357,0,1300-1359,0,,128,128,632,3,,,,,,
2,16,6,AA,N964NN,56,11057,CLT,"Charlotte, NC",11697,FLL,"Fort Lauderdale, FL",1150,1158,8,0,1100-1159,1358,1405,7,1300-1359,0,,128,127,632,3,,,,,,
2,18,1,AA,N896NN,56,11057,CLT,"Charlotte, NC",11697,FLL,"Fort Lauderdale, FL",1150,1149,0,0,1100-1159,1358,1406,8,1300-1359,0,,128,137,632,3,,,,,,
2,19,2,AA,N821NN,56,11057,CLT,"Charlotte, NC",11697,FLL,"Fort Lauderdale, FL",1150,1150,0,0,1100-1159,1358,1438,40,1300-1359,0,,128,168,632,3,0,0,40,0,0,
2,20,3,AA,N954AN,56,11057,CLT,"Charlotte, NC",11697,FLL,"Fort Lauderdale, FL",1150,1144,0,0,1100-1159,1358,1409,11,1300-1359,0,,128,145,632,3,,,,,,
2,21,4,AA,N958NN,56,11057,CLT,"Charlotte, NC",11697,FLL,"Fort Lauderdale, FL",1150,1244,54,1,1100-1159,1358,1452,54,1300-1359,0,,128,128,632,3,4,0,0,0,50,
2,22,5,AA,N953NN,56,11057,CLT,"Charlotte, NC",11697,FLL,"Fort Lauderdale, FL",1150,1158,8,0,1100-1159,1358,1411,13,1300-1359,0,,128,133,632,3,,,,,,
2,23,6,AA,N891NN,56,11057,CLT,"Charlotte, NC",11697,FLL,"Fort Lauderdale, FL",1150,1342,112,1,1100-1159,1358,1546,108,1300-1359,0,,128,124,632,3,108,0,0,0,0,
2,25,1,AA,N946NN,56,11057,CLT,"Charlotte, NC",11697,FLL,"Fort Lauderdale, FL",1150,1205,15,1,1100-1159,1358,1417,19,1300-1359,0,,128,132,632,3,15,0,4,0,0,
2,26,2,AA,N905NN,56,11057,CLT,"Charlotte, NC",11697,FLL,"Fort Lauderdale, FL",1150,1415,145,1,1100-1159,1358,1606,128,1300-1359,0,,128,111,632,3,0,0,0,0,128,
2,27,3,AA,N927AN,56,11057,CLT,"Charlotte, NC",11697,FLL,"Fort Lauderdale, FL",1150,1150,0,0,1100-1159,1358,1403,5,1300-1359,0,,128,133,632,3,,,,,,
2,28,4,AA,N902AN,56,11057,CLT,"Charlotte, NC",11697,FLL,"Fort Lauderdale, FL",1150,1146,0,0,1100-1159,1358,1350,0,1300-1359,0,,128,124,632,3,,,,,,
2,14,4,AA,N844NN,56,11697,FLL,"Fort Lauderdale, FL",11057,CLT,"Charlotte, NC",1443,1444,1,0,1400-1459,1652,1705,13,1600-1659,0,,129,141,632,3,,,,,,
2,15,5,AA,N964NN,56,11697,FLL,"Fort Lauderdale, FL",11057,CLT,"Charlotte, NC",1443,1451,8,0,1400-1459,1652,1658,6,1600-1659,0,,129,127,632,3,,,,,,
2,16,6,AA,N964NN,56,11697,FLL,"Fort Lauderdale, FL",11057,CLT,"Charlotte, NC",1443,1449,6,0,1400-1459,1652,1654,2,1600-1659,0,,129,125,632,3,,,,,,
2,18,1,AA,N896NN,56,11697,FLL,"Fort Lauderdale, FL",11057,CLT,"Charlotte, NC",1443,1444,1,0,1400-1459,1652,1650,0,1600-1659,0,,129,126,632,3,,,,,,
2,19,2,AA,N821NN,56,11697,FLL,"Fort Lauderdale, FL",11057,CLT,"Charlotte, NC",1443,1603,80,1,1400-1459,1652,1755,63,1600-1659,0,,129,112,632,3,32,0,0,0,31,
2,20,3,AA,N954AN,56,11697,FLL,"Fort Lauderdale, FL",11057,CLT,"Charlotte, NC",1443,1456,13,0,1400-1459,1652,1648,0,1600-1659,0,,129,112,632,3,,,,,,
2,21,4,AA,N958NN,56,11697,FLL,"Fort Lauderdale, FL",11057,CLT,"Charlotte, NC",1443,1551,68,1,1400-1459,1652,1744,52,1600-1659,0,,129,113,632,3,11,0,0,0,41,
2,22,5,AA,N953NN,56,11697,FLL,"Fort Lauderdale, FL",11057,CLT,"Charlotte, NC",1443,1459,16,1,1400-1459,1652,1714,22,1600-1659,0,,129,135,632,3,3,0,6,0,13,
2,23,6,AA,N891NN,56,11697,FLL,"Fort Lauderdale, FL",11057,CLT,"Charlotte, NC",1443,2156,433,1,1400-1459,1652,2358,426,1600-1659,0,,129,122,632,3,320,0,0,0,106,
2,25,1,AA,N946NN,56,11697,FLL,"Fort Lauderdale, FL",11057,CLT,"Charlotte, NC",1443,1503,20,1,1400-1459,1652,1703,11,1600-1659,0,,129,120,632,3,,,,,,
2,26,2,AA,N905NN,56,11697,FLL,"Fort Lauderdale, FL",11057,CLT,"Charlotte, NC",1443,1645,122,1,1400-1459,1652,1913,141,1600-1659,0,,129,148,632,3,0,0,19,0,122,
2,27,3,AA,N927AN,56,11697,FLL,"Fort Lauderdale, FL",11057,CLT,"Charlotte, NC",1443,1450,7,0,1400-1459,1652,1654,2,1600-1659,0,,129,124,632,3,,,,,,
2,28,4,AA,N902AN,56,11697,FLL,"Fort Lauderdale, FL",11057,CLT,"Charlotte, NC",1443,1447,4,0,1400-1459,1652,1703,11,1600-1659,0,,129,136,632,3,,,,,,
2,1,5,AA,N162AA,57,11298,DFW,"Dallas/Fort Worth, TX",14107,PHX,"Phoenix, AZ",1730,1733,3,0,1700-1759,1905,1855,0,1900-1959,0,,155,142,868,4,,,,,,
2,2,6,AA,N148AN,57,11298,DFW,"Dallas/Fort Worth, TX",14107,PHX,"Phoenix, AZ",1730,1731,1,0,1700-1759,1905,1905,0,1900-1959,0,,155,154,868,4,,,,,,
2,3,7,AA,N903AA,57,11298,DFW,"Dallas/Fort Worth, TX",14107,PHX,"Phoenix, AZ",1730,1726,0,0,1700-1759,1905,1916,11,1900-1959,0,,155,170,868,4,,,,,,
2,4,1,AA,N167AN,57,11298,DFW,"Dallas/Fort Worth, TX",14107,PHX,"Phoenix, AZ",1730,1734,4,0,1700-1759,1905,1904,0,1900-1959,0,,155,150,868,4,,,,,,
2,5,2,AA,N910AU,57,11298,DFW,"Dallas/Fort Worth, TX",14107,PHX,"Phoenix, AZ",1730,1735,5,0,1700-1759,1905,1914,9,1900-1959,0,,155,159,868,4,,,,,,
2,6,3,AA,N125AA,57,11298,DFW,"Dallas/Fort Worth, TX",14107,PHX,"Phoenix, AZ",1730,1738,8,0,1700-1759,1905,1922,17,1900-1959,0,,155,164,868,4,8,0,9,0,0,
2,7,4,AA,N146AA,57,11298,DFW,"Dallas/Fort Worth, TX",14107,PHX,"Phoenix, AZ",1730,1738,8,0,1700-1759,1905,1924,19,1900-1959,0,,155,166,868,4,8,0,11,0,0,
2,8,5,AA,N159AN,57,11298,DFW,"Dallas/Fort Worth, TX",14107,PHX,"Phoenix, AZ",1730,1729,0,0,1700-1759,1905,1913,8,1900-1959,0,,155,164,868,4,,,,,,
2,9,6,AA,N903AA,57,11298,DFW,"Dallas/Fort Worth, TX",14107,PHX,"Phoenix, AZ",1730,1727,0,0,1700-1759,1905,1853,0,1900-1959,0,,155,146,868,4,,,,,,
2,10,7,AA,N131NN,57,11298,DFW,"Dallas/Fort Worth, TX",14107,PHX,"Phoenix, AZ",1730,1725,0,0,1700-1759,1905,1903,0,1900-1959,0,,155,158,868,4,,,,,,
2,11,1,AA,N164NN,57,11298,DFW,"Dallas/Fort Worth, TX",14107,PHX,"Phoenix, AZ",1730,1754,24,1,1700-1759,1905,1923,18,1900-1959,0,,155,149,868,4,18,0,0,0,0,
2,12,2,AA,N995AN,57,11298,DFW,"Dallas/Fort Worth, TX",14107,PHX,"Phoenix, AZ",1730,1721,0,0,1700-1759,1905,1852,0,1900-1959,0,,155,151,868,4,,,,,,
2,13,3,AA,N997AA,57,11298,DFW,"Dallas/Fort Worth, TX",14107,PHX,"Phoenix, AZ",1730,1729,0,0,1700-1759,1905,1913,8,1900-1959,0,,155,164,868,4,,,,,,
2,14,4,AA,N995AN,57,11298,DFW,"Dallas/Fort Worth, TX",14107,PHX,"Phoenix, AZ",1725,1737,12,0,1700-1759,1903,1935,32,1900-1959,0,,158,178,868,4,12,0,20,0,0,
2,15,5,AA,N141NN,57,11298,DFW,"Dallas/Fort Worth, TX",14107,PHX,"Phoenix, AZ",1725,1752,27,1,1700-1759,1903,1939,36,1900-1959,0,,158,167,868,4,27,0,9,0,0,
2,16,6,AA,N151AN,57,11298,DFW,"Dallas/Fort Worth, TX",14107,PHX,"Phoenix, AZ",1725,1733,8,0,1700-1759,1903,1924,21,1900-1959,0,,158,171,868,4,8,0,13,0,0,
2,17,7,AA,N143AN,57,11298,DFW,"Dallas/Fort Worth, TX",14107,PHX,"Phoenix, AZ",1725,1805,40,1,1700-1759,1903,1937,34,1900-1959,0,,158,152,868,4,18,0,0,0,16,
2,18,1,AA,N167AN,57,11298,DFW,"Dallas/Fort Worth, TX",14107,PHX,"Phoenix, AZ",1725,1732,7,0,1700-1759,1903,1913,10,1900-1959,0,,158,161,868,4,,,,,,
2,19,2,AA,N990AU,57,11298,DFW,"Dallas/Fort Worth, TX",14107,PHX,"Phoenix, AZ",1725,1831,66,1,1700-1759,1903,2016,73,1900-1959,0,,158,165,868,4,0,0,7,0,66,
2,20,3,AA,N934AA,57,11298,DFW,"Dallas/Fort Worth, TX",14107,PHX,"Phoenix, AZ",1725,1724,0,0,1700-1759,1903,1901,0,1900-1959,0,,158,157,868,4,,,,,,
2,21,4,AA,N156AN,57,11298,DFW,"Dallas/Fort Worth, TX",14107,PHX,"Phoenix, AZ",1725,1742,17,1,1700-1759,1903,1937,34,1900-1959,0,,158,175,868,4,0,0,24,0,10,
2,22,5,AA,N145AN,57,11298,DFW,"Dallas/Fort Worth, TX",14107,PHX,"Phoenix, AZ",1725,1904,99,1,1700-1759,1903,2055,112,1900-1959,0,,158,171,868,4,4,0,13,0,95,
2,23,6,AA,N125AA,57,11298,DFW,"Dallas/Fort Worth, TX",14107,PHX,"Phoenix, AZ",1725,1721,0,0,1700-1759,1903,1900,0,1900-1959,0,,158,159,868,4,,,,,,
2,24,7,AA,N987AM,57,11298,DFW,"Dallas/Fort Worth, TX",14107,PHX,"Phoenix, AZ",1725,1721,0,0,1700-1759,1903,1852,0,1900-1959,0,,158,151,868,4,,,,,,
2,25,1,AA,N160AN,57,11298,DFW,"Dallas/Fort Worth, TX",14107,PHX,"Phoenix, AZ",1725,1723,0,0,1700-1759,1903,1902,0,1900-1959,0,,158,159,868,4,,,,,,
2,26,2,AA,N162AA,57,11298,DFW,"Dallas/Fort Worth, TX",14107,PHX,"Phoenix, AZ",1725,1731,6,0,1700-1759,1903,1859,0,1900-1959,0,,158,148,868,4,,,,,,
2,27,3,AA,N128AN,57,11298,DFW,"Dallas/Fort Worth, TX",14107,PHX,"Phoenix, AZ",1725,1722,0,0,1700-1759,1903,1858,0,1900-1959,0,,158,156,868,4,,,,,,
2,28,4,AA,N931AM,57,11298,DFW,"Dallas/Fort Worth, TX",14107,PHX,"Phoenix, AZ",1725,1735,10,0,1700-1759,1903,1915,12,1900-1959,0,,158,160,868,4,,,,,,
2,1,5,AA,N124AA,58,12758,KOA,"Kona, HI",12892,LAX,"Los Angeles, CA",1356,1343,0,0,1300-1359,2121,2103,0,2100-2159,0,,325,320,2504,11,,,,,,
2,2,6,AA,N134AN,58,12758,KOA,"Kona, HI",12892,LAX,"Los Angeles, CA",1356,1351,0,0,1300-1359,2121,2104,0,2100-2159,0,,325,313,2504,11,,,,,,
2,3,7,AA,N133AN,58,12758,KOA,"Kona, HI",12892,LAX,"Los Angeles, CA",1356,1348,0,0,1300-1359,2121,2055,0,2100-2159,0,,325,307,2504,11,,,,,,
2,4,1,AA,N118NN,58,12758,KOA,"Kona, HI",12892,LAX,"Los Angeles, CA",1356,1342,0,0,1300-1359,2121,2032,0,2100-2159,0,,325,290,2504,11,,,,,,
2,6,3,AA,N127AA,58,12758,KOA,"Kona, HI",12892,LAX,"Los Angeles, CA",1356,1334,0,0,1300-1359,2121,2103,0,2100-2159,0,,325,329,2504,11,,,,,,
2,7,4,AA,N122NN,58,12758,KOA,"Kona, HI",12892,LAX,"Los Angeles, CA",1356,1353,0,0,1300-1359,2121,2052,0,2100-2159,0,,325,299,2504,11,,,,,,
2,8,5,AA,N129AA,58,12758,KOA,"Kona, HI",12892,LAX,"Los Angeles, CA",1356,1401,5,0,1300-1359,2121,2048,0,2100-2159,0,,325,287,2504,11,,,,,,
2,9,6,AA,N119NN,58,12758,KOA,"Kona, HI",12892,LAX,"Los Angeles, CA",1356,1410,14,0,1300-1359,2121,2039,0,2100-2159,0,,325,269,2504,11,,,,,,
2,10,7,AA,N135NN,58,12758,KOA,"Kona, HI",12892,LAX,"Los Angeles, CA",1356,1351,0,0,1300-1359,2121,2116,0,2100-2159,0,,325,325,2504,11,,,,,,
2,11,1,AA,N128AN,58,12758,KOA,"Kona, HI",12892,LAX,"Los Angeles, CA",1356,1416,20,1,1300-1359,2121,2101,0,2100-2159,0,,325,285,2504,11,,,,,,
2,13,3,AA,N124AA,58,12758,KOA,"Kona, HI",12892,LAX,"Los Angeles, CA",1356,1625,149,1,1300-1359,2121,2257,96,2100-2159,0,,325,272,2504,11,0,0,0,0,96,
2,14,4,AA,N120EE,58,12758,KOA,"Kona, HI",12892,LAX,"Los Angeles, CA",1358,1354,0,0,1300-1359,2124,2049,0,2100-2159,0,,326,295,2504,11,,,,,,
2,15,5,AA,N131NN,58,12758,KOA,"Kona, HI",12892,LAX,"Los Angeles, CA",1358,1431,33,1,1300-1359,2124,2151,27,2100-2159,0,,326,320,2504,11,0,0,0,0,27,
2,16,6,AA,N133AN,58,12758,KOA,"Kona, HI",12892,LAX,"Los Angeles, CA",1358,1525,87,1,1300-1359,2124,2242,78,2100-2159,0,,326,317,2504,11,78,0,0,0,0,
2,17,7,AA,N119NN,58,12758,KOA,"Kona, HI",12892,LAX,"Los Angeles, CA",1358,1345,0,0,1300-1359,2124,2048,0,2100-2159,0,,326,303,2504,11,,,,,,
2,18,1,AA,N124AA,58,12758,KOA,"Kona, HI",12892,LAX,"Los Angeles, CA",1358,1347,0,0,1300-1359,2124,2058,0,2100-2159,0,,326,311,2504,11,,,,,,
2,19,2,AA,N120EE,58,12758,KOA,"Kona, HI",12892,LAX,"Los Angeles, CA",1358,1355,0,0,1300-1359,2124,2105,0,2100-2159,0,,326,310,2504,11,,,,,,
2,20,3,AA,N123NN,58,12758,KOA,"Kona, HI",12892,LAX,"Los Angeles, CA",1358,1351,0,0,1300-1359,2124,2110,0,2100-2159,0,,326,319,2504,11,,,,,,
2,21,4,AA,N130AN,58,12758,KOA,"Kona, HI",12892,LAX,"Los Angeles, CA",1358,1354,0,0,1300-1359,2124,2125,1,2100-2159,0,,326,331,2504,11,,,,,,
2,22,5,AA,N120EE,58,12758,KOA,"Kona, HI",12892,LAX,"Los Angeles, CA",1358,1409,11,0,1300-1359,2124,2121,0,2100-2159,0,,326,312,2504,11,,,,,,
2,23,6,AA,N132AN,58,12758,KOA,"Kona, HI",12892,LAX,"Los Angeles, CA",1358,1355,0,0,1300-1359,2124,2050,0,2100-2159,0,,326,295,2504,11,,,,,,
2,24,7,AA,N128AN,58,12758,KOA,"Kona, HI",12892,LAX,"Los Angeles, CA",1358,1351,0,0,1300-1359,2124,2048,0,2100-2159,0,,326,297,2504,11,,,,,,
2,25,1,AA,N135NN,58,12758,KOA,"Kona, HI",12892,LAX,"Los Angeles, CA",1358,1349,0,0,1300-1359,2124,2056,0,2100-2159,0,,326,307,2504,11,,,,,,
2,26,2,AA,N128AN,58,12758,KOA,"Kona, HI",12892,LAX,"Los Angeles, CA",1358,1347,0,0,1300-1359,2124,2102,0,2100-2159,0,,326,315,2504,11,,,,,,
2,27,3,AA,N122NN,58,12758,KOA,"Kona, HI",12892,LAX,"Los Angeles, CA",1358,1402,4,0,1300-1359,2124,2056,0,2100-2159,0,,326,294,2504,11,,,,,,
2,28,4,AA,N125AA,58,12758,KOA,"Kona, HI",12892,LAX,"Los Angeles, CA",1358,1346,0,0,1300-1359,2124,2045,0,2100-2159,0,,326,299,2504,11,,,,,,
2,1,5,AA,N124AA,59,12892,LAX,"Los Angeles, CA",12758,KOA,"Kona, HI",820,818,0,0,0800-0859,1226,1206,0,1200-1259,0,,366,348,2504,11,,,,,,
2,2,6,AA,N134AN,59,12892,LAX,"Los Angeles, CA",12758,KOA,"Kona, HI",820,828,8,0,0800-0859,1226,1223,0,1200-1259,0,,366,355,2504,11,,,,,,
2,3,7,AA,N133AN,59,12892,LAX,"Los Angeles, CA",12758,KOA,"Kona, HI",820,844,24,1,0800-0859,1226,1241,15,1200-1259,0,,366,357,2504,11,15,0,0,0,0,
2,4,1,AA,N118NN,59,12892,LAX,"Los Angeles, CA",12758,KOA,"Kona, HI",820,810,0,0,0800-0859,1226,1211,0,1200-1259,0,,366,361,2504,11,,,,,,
2,6,3,AA,N127AA,59,12892,LAX,"Los Angeles, CA",12758,KOA,"Kona, HI",820,818,0,0,0800-0859,1226,1222,0,1200-1259,0,,366,364,2504,11,,,,,,
2,7,4,AA,N122NN,59,12892,LAX,"Los Angeles, CA",12758,KOA,"Kona, HI",820,815,0,0,0800-0859,1226,1239,13,1200-1259,0,,366,384,2504,11,,,,,,
2,8,5,AA,N129AA,59,12892,LAX,"Los Angeles, CA",12758,KOA,"Kona, HI",820,816,0,0,0800-0859,1226,1245,19,1200-1259,0,,366,389,2504,11,0,0,19,0,0,
2,9,6,AA,N119NN,59,12892,LAX,"Los Angeles, CA",12758,KOA,"Kona, HI",820,823,3,0,0800-0859,1226,1302,36,1200-1259,0,,366,399,2504,11,3,0,33,0,0,
2,10,7,AA,N135NN,59,12892,LAX,"Los Angeles, CA",12758,KOA,"Kona, HI",820,816,0,0,0800-0859,1226,1244,18,1200-1259,0,,366,388,2504,11,0,0,18,0,0,
2,11,1,AA,N128AN,59,12892,LAX,"Los Angeles, CA",12758,KOA,"Kona, HI",820,855,35,1,0800-0859,1226,1312,46,1200-1259,0,,366,377,2504,11,35,0,11,0,0,
2,13,3,AA,N124AA,59,12892,LAX,"Los Angeles, CA",12758,KOA,"Kona, HI",820,1029,129,1,0800-0859,1226,1519,173,1200-1259,0,,366,410,2504,11,129,0,44,0,0,
2,14,4,AA,N120EE,59,12892,LAX,"Los Angeles, CA",12758,KOA,"Kona, HI",820,819,0,0,0800-0859,1228,1252,24,1200-1259,0,,368,393,2504,11,0,0,24,0,0,
2,15,5,AA,N131NN,59,12892,LAX,"Los Angeles, CA",12758,KOA,"Kona, HI",820,824,4,0,0800-0859,1228,1322,54,1200-1259,0,,368,418,2504,11,4,0,50,0,0,
2,16,6,AA,N133AN,59,12892,LAX,"Los Angeles, CA",12758,KOA,"Kona, HI",820,822,2,0,0800-0859,1228,1225,0,1200-1259,0,,368,363,2504,11,,,,,,
2,17,7,AA,N119NN,59,12892,LAX,"Los Angeles, CA",12758,KOA,"Kona, HI",820,817,0,0,0800-0859,1228,1159,0,1200-1259,0,,368,342,2504,11,,,,,,
2,18,1,AA,N124AA,59,12892,LAX,"Los Angeles, CA",12758,KOA,"Kona, HI",820,818,0,0,0800-0859,1228,1224,0,1200-1259,0,,368,366,2504,11,,,,,,
2,19,2,AA,N120EE,59,12892,LAX,"Los Angeles, CA",12758,KOA,"Kona, HI",820,824,4,0,0800-0859,1228,1232,4,1200-1259,0,,368,368,2504,11,,,,,,
2,20,3,AA,N123NN,59,12892,LAX,"Los Angeles, CA",12758,KOA,"Kona, HI",820,827,7,0,0800-0859,1228,1201,0,1200-1259,0,,368,334,2504,11,,,,,,
2,21,4,AA,N130AN,59,12892,LAX,"Los Angeles, CA",12758,KOA,"Kona, HI",820,838,18,1,0800-0859,1228,1230,2,1200-1259,0,,368,352,2504,11,,,,,,
2,22,5,AA,N120EE,59,12892,LAX,"Los Angeles, CA",12758,KOA,"Kona, HI",820,847,27,1,0800-0859,1228,1230,2,1200-1259,0,,368,343,2504,11,,,,,,
2,23,6,AA,N132AN,59,12892,LAX,"Los Angeles, CA",12758,KOA,"Kona, HI",820,824,4,0,0800-0859,1228,1235,7,1200-1259,0,,368,371,2504,11,,,,,,
2,24,7,AA,N128AN,59,12892,LAX,"Los Angeles, CA",12758,KOA,"Kona, HI",820,816,0,0,0800-0859,1228,1204,0,1200-1259,0,,368,348,2504,11,,,,,,
2,25,1,AA,N135NN,59,12892,LAX,"Los Angeles, CA",12758,KOA,"Kona, HI",820,826,6,0,0800-0859,1228,1236,8,1200-1259,0,,368,370,2504,11,,,,,,
2,26,2,AA,N128AN,59,12892,LAX,"Los Angeles, CA",12758,KOA,"Kona, HI",820,814,0,0,0800-0859,1228,1210,0,1200-1259,0,,368,356,2504,11,,,,,,
2,27,3,AA,N122NN,59,12892,LAX,"Los Angeles, CA",12758,KOA,"Kona, HI",820,815,0,0,0800-0859,1228,1243,15,1200-1259,0,,368,388,2504,11,0,0,15,0,0,
2,28,4,AA,N125AA,59,12892,LAX,"Los Angeles, CA",12758,KOA,"Kona, HI",820,818,0,0,0800-0859,1228,1228,0,1200-1259,0,,368,370,2504,11,,,,,,
2,1,5,AA,N358PW,64,13303,MIA,"Miami, FL",14107,PHX,"Phoenix, AZ",2100,2100,0,0,2100-2159,8,6,0,0001-0559,0,,308,306,1972,8,,,,,,
2,2,6,AA,N917NN,64,13303,MIA,"Miami, FL",14107,PHX,"Phoenix, AZ",2100,2118,18,1,2100-2159,8,37,29,0001-0559,0,,308,319,1972,8,0,0,11,0,18,
2,3,7,AA,N881NN,64,13303,MIA,"Miami, FL",14107,PHX,"Phoenix, AZ",2100,2220,80,1,2100-2159,8,130,82,0001-0559,0,,308,310,1972,8,73,0,2,0,7,
2,4,1,AA,N932AN,64,13303,MIA,"Miami, FL",14107,PHX,"Phoenix, AZ",2100,2058,0,0,2100-2159,8,2344,0,0001-0559,0,,308,286,1972,8,,,,,,
2,5,2,AA,N861NN,64,13303,MIA,"Miami, FL",14107,PHX,"Phoenix, AZ",2100,2057,0,0,2100-2159,8,3,0,0001-0559,0,,308,306,1972,8,,,,,,
2,6,3,AA,N941AN,64,13303,MIA,"Miami, FL",14107,PHX,"Phoenix, AZ",2100,2054,0,0,2100-2159,8,2359,0,0001-0559,0,,308,305,1972,8,,,,,,
2,7,4,AA,N928NN,64,13303,MIA,"Miami, FL",14107,PHX,"Phoenix, AZ",2100,2059,0,0,2100-2159,8,14,6,0001-0559,0,,308,315,1972,8,,,,,,
2,8,5,AA,N873NN,64,13303,MIA,"Miami, FL",14107,PHX,"Phoenix, AZ",2100,2102,2,0,2100-2159,8,4,0,0001-0559,0,,308,302,1972,8,,,,,,
2,9,6,AA,N931NN,64,13303,MIA,"Miami, FL",14107,PHX,"Phoenix, AZ",2100,2111,11,0,2100-2159,8,2359,0,0001-0559,0,,308,288,1972,8,,,,,,
2,10,7,AA,N876NN,64,13303,MIA,"Miami, FL",14107,PHX,"Phoenix, AZ",2100,2123,23,1,2100-2159,8,3,0,0001-0559,0,,308,280,1972,8,,,,,,
2,11,1,AA,N927AN,64,13303,MIA,"Miami, FL",14107,PHX,"Phoenix, AZ",2100,2114,14,0,2100-2159,8,1,0,0001-0559,0,,308,287,1972,8,,,,,,
2,12,2,AA,N931NN,64,13303,MIA,"Miami, FL",14107,PHX,"Phoenix, AZ",2100,2055,0,0,2100-2159,8,2347,0,0001-0559,0,,308,292,1972,8,,,,,,
2,13,3,AA,N927NN,64,13303,MIA,"Miami, FL",14107,PHX,"Phoenix, AZ",2100,2113,13,0,2100-2159,8,1,0,0001-0559,0,,308,288,1972,8,,,,,,
2,14,4,AA,N908AN,64,13303,MIA,"Miami, FL",14107,PHX,"Phoenix, AZ",2100,2157,57,1,2100-2159,9,123,74,0001-0559,0,,309,326,1972,8,57,0,17,0,0,
2,15,5,AA,N897NN,64,13303,MIA,"Miami, FL",14107,PHX,"Phoenix, AZ",2100,2103,3,0,2100-2159,9,12,3,0001-0559,0,,309,309,1972,8,,,,,,
2,16,6,AA,N859NN,64,13303,MIA,"Miami, FL",14107,PHX,"Phoenix, AZ",2100,2113,13,0,2100-2159,9,17,8,0001-0559,0,,309,304,1972,8,,,,,,
2,17,7,AA,N972AN,64,13303,MIA,"Miami, FL",14107,PHX,"Phoenix, AZ",2100,2117,17,1,2100-2159,9,33,24,0001-0559,0,,309,316,1972,8,17,0,7,0,0,
2,18,1,AA,N907AN,64,13303,MIA,"Miami, FL",14107,PHX,"Phoenix, AZ",2100,2058,0,0,2100-2159,9,2354,0,0001-0559,0,,309,296,1972,8,,,,,,
2,19,2,AA,N933AN,64,13303,MIA,"Miami, FL",14107,PHX,"Phoenix, AZ",2100,2100,0,0,2100-2159,9,2354,0,0001-0559,0,,309,294,1972,8,,,,,,
2,20,3,AA,N965NN,64,13303,MIA,"Miami, FL",14107,PHX,"Phoenix, AZ",2100,2127,27,1,2100-2159,9,39,30,0001-0559,0,,309,312,1972,8,0,0,3,5,22,
2,21,4,AA,N971AN,64,13303,MIA,"Miami, FL",14107,PHX,"Phoenix, AZ",2100,2100,0,0,2100-2159,9,7,0,0001-0559,0,,309,307,1972,8,,,,,,
2,22,5,AA,N964AN,64,13303,MIA,"Miami, FL",14107,PHX,"Phoenix, AZ",2100,2107,7,0,2100-2159,9,8,0,0001-0559,0,,309,301,1972,8,,,,,,
